user_id,profile_type,username,age,gender,height_cm,weight_kg,bmi,primary_goal,fitness_level,medical_conditions,injuries,sleep_hours_avg,sleep_quality,stress_level,water_intake_liters,equipment_available,diet_type,food_allergies,weekly_food_budget_usd,session_duration_min,is_edge_case,edge_case_name
1,standard_synthetic,synth_user_1,25,other,156,79.1,32.5,rehabilitation,beginner,,,7.4,poor,1,1.7,Dumbbells,low_carb,,184,20,False,
2,standard_synthetic,synth_user_2,30,other,189,65.6,18.4,endurance,intermediate,,,6.1,fair,6,1.8,Bodyweight Only,vegetarian,dairy,121,45,False,
3,standard_synthetic,synth_user_3,34,other,157,78.6,31.9,maintenance,advanced,,neck,7.5,good,10,2.0,"Barbell,Dumbbells,Pull-Up Bar",vegetarian,,199,30,False,
4,standard_synthetic,synth_user_4,23,female,169,84.4,29.6,maintenance,intermediate,,,5.8,good,2,3.0,Dumbbells,low_carb,dairy,92,30,False,
5,standard_synthetic,synth_user_5,42,female,172,89.6,30.3,muscle_gain,beginner,Knee_Arthritis,,8.2,excellent,5,1.7,Resistance Bands,vegan,peanuts,197,60,False,
6,standard_synthetic,synth_user_6,59,female,184,54.0,15.9,rehabilitation,intermediate,,,8.6,excellent,6,2.0,Dumbbells,low_carb,,156,20,False,
7,standard_synthetic,synth_user_7,25,male,164,88.2,32.8,rehabilitation,intermediate,Glaucoma,,7.1,poor,2,3.2,Resistance Bands,omnivore,,58,45,False,
8,standard_synthetic,synth_user_8,28,female,184,48.1,14.2,fat_loss,advanced,Osteoporosis,shoulder,6.2,fair,3,2.4,Dumbbells,low_carb,,165,20,False,
9,standard_synthetic,synth_user_9,38,other,186,48.8,14.1,fat_loss,advanced,"Osteoporosis,Diabetes_T2",,6.9,poor,9,3.4,Dumbbells,high_protein,peanuts,170,30,False,
10,standard_synthetic,synth_user_10,51,female,193,65.8,17.7,maintenance,intermediate,,,9.0,good,8,3.7,Bodyweight Only,vegetarian,dairy,93,30,False,
11,standard_synthetic,synth_user_11,39,male,156,86.5,35.5,fat_loss,beginner,,,5.3,poor,6,1.7,Dumbbells,omnivore,,154,30,False,
12,standard_synthetic,synth_user_12,26,other,191,72.2,19.8,fat_loss,beginner,,,7.6,good,7,2.5,"Barbell,Dumbbells,Pull-Up Bar",vegetarian,,45,60,False,
13,standard_synthetic,synth_user_13,39,other,161,58.4,22.5,maintenance,intermediate,,,6.0,poor,8,3.5,"Barbell,Dumbbells,Pull-Up Bar",vegetarian,,196,90,False,
14,standard_synthetic,synth_user_14,23,male,170,67.5,23.4,fat_loss,beginner,,,6.5,excellent,5,3.8,Bodyweight Only,omnivore,,138,90,False,
15,standard_synthetic,synth_user_15,49,other,164,56.0,20.8,maintenance,beginner,,,5.2,excellent,9,3.8,Dumbbells,vegetarian,peanuts,160,20,False,
16,standard_synthetic,synth_user_16,22,male,193,63.1,16.9,rehabilitation,advanced,Glaucoma,,5.2,poor,7,3.1,Resistance Bands,omnivore,dairy,82,45,False,
17,standard_synthetic,synth_user_17,34,male,180,65.9,20.3,fat_loss,intermediate,Cardiac_Disease,,7.5,poor,2,2.8,Resistance Bands,vegan,peanuts,119,20,False,
18,standard_synthetic,synth_user_18,41,male,173,67.1,22.4,rehabilitation,intermediate,Osteoporosis,,8.7,poor,3,2.2,"Barbell,Dumbbells,Pull-Up Bar",low_carb,"peanuts,gluten",69,45,False,
19,standard_synthetic,synth_user_19,56,female,168,78.1,27.7,endurance,intermediate,,,8.6,poor,2,3.1,Resistance Bands,vegetarian,,30,45,False,
20,standard_synthetic,synth_user_20,58,male,171,67.3,23.0,fat_loss,beginner,,,8.8,fair,9,1.6,Resistance Bands,low_carb,,171,30,False,
21,standard_synthetic,synth_user_21,26,female,157,60.9,24.7,fat_loss,intermediate,Hypertension,shoulder,8.1,excellent,10,3.4,Dumbbells,vegan,,75,60,False,
22,standard_synthetic,synth_user_22,29,male,176,95.2,30.7,maintenance,beginner,,,8.1,poor,7,3.7,Bodyweight Only,vegan,dairy,81,60,False,
23,standard_synthetic,synth_user_23,37,female,169,57.4,20.1,maintenance,advanced,Glaucoma,,7.0,good,1,1.8,Resistance Bands,vegan,gluten,178,45,False,
24,standard_synthetic,synth_user_24,24,male,193,79.6,21.4,rehabilitation,beginner,Pregnancy_T3,,6.0,excellent,1,2.8,Dumbbells,omnivore,"peanuts,dairy",140,20,False,
25,standard_synthetic,synth_user_25,39,other,194,61.2,16.3,maintenance,intermediate,Osteoporosis,,7.8,fair,4,2.6,Bodyweight Only,vegan,,187,90,False,
26,standard_synthetic,synth_user_26,43,female,190,83.0,23.0,endurance,intermediate,,,6.8,fair,9,2.7,Dumbbells,vegetarian,gluten,102,90,False,
27,standard_synthetic,synth_user_27,58,other,194,62.1,16.5,muscle_gain,beginner,Knee_Arthritis,,5.1,fair,8,3.0,"Barbell,Dumbbells,Pull-Up Bar",high_protein,,136,90,False,
28,standard_synthetic,synth_user_28,62,male,179,82.2,25.7,fat_loss,intermediate,,,5.9,excellent,1,2.9,"Barbell,Dumbbells,Pull-Up Bar",high_protein,,64,60,False,
29,standard_synthetic,synth_user_29,51,other,190,73.0,20.2,rehabilitation,intermediate,"Cardiac_Disease,Osteoporosis",ankle,8.6,excellent,8,2.1,Dumbbells,omnivore,,163,60,False,
30,standard_synthetic,synth_user_30,33,other,172,66.5,22.5,rehabilitation,beginner,Knee_Arthritis,,5.6,fair,7,3.2,Dumbbells,vegetarian,,136,60,False,
31,standard_synthetic,synth_user_31,52,female,184,65.5,19.3,endurance,intermediate,,,5.0,good,5,3.4,Bodyweight Only,low_carb,"peanuts,gluten",169,90,False,
32,standard_synthetic,synth_user_32,49,male,169,72.3,25.3,endurance,advanced,,,5.7,excellent,3,4.0,"Barbell,Dumbbells,Pull-Up Bar",high_protein,,181,90,False,
33,standard_synthetic,synth_user_33,19,other,160,75.0,29.3,endurance,intermediate,,,5.8,good,6,3.4,Bodyweight Only,omnivore,,137,45,False,
34,standard_synthetic,synth_user_34,48,male,156,93.7,38.5,fat_loss,beginner,,shoulder,8.8,fair,1,3.1,Dumbbells,vegan,,151,20,False,
35,standard_synthetic,synth_user_35,31,other,184,77.4,22.9,maintenance,beginner,Asthma,,7.3,good,10,3.2,Bodyweight Only,high_protein,"peanuts,soy",80,20,False,
36,standard_synthetic,synth_user_36,62,other,195,58.2,15.3,maintenance,advanced,Osteoporosis,ankle,6.7,good,2,2.8,Resistance Bands,vegetarian,peanuts,137,60,False,
37,standard_synthetic,synth_user_37,45,male,178,88.6,28.0,rehabilitation,advanced,Asthma,,8.1,excellent,7,3.6,Resistance Bands,omnivore,gluten,92,20,False,
38,standard_synthetic,synth_user_38,46,female,170,79.5,27.5,endurance,intermediate,,,5.7,fair,6,3.5,Resistance Bands,omnivore,,182,45,False,
39,standard_synthetic,synth_user_39,18,other,188,87.8,24.8,muscle_gain,advanced,,,6.9,excellent,8,3.5,"Barbell,Dumbbells,Pull-Up Bar",omnivore,,86,60,False,
40,standard_synthetic,synth_user_40,33,other,174,75.9,25.1,rehabilitation,intermediate,,,6.4,excellent,5,2.3,Dumbbells,vegetarian,,79,45,False,
41,standard_synthetic,synth_user_41,52,male,166,68.6,24.9,muscle_gain,intermediate,Osteoporosis,,5.9,fair,5,1.5,Dumbbells,omnivore,"gluten,peanuts",41,20,False,
42,standard_synthetic,synth_user_42,36,other,163,74.8,28.2,endurance,intermediate,Diabetes_T2,ankle,6.4,poor,5,3.9,Bodyweight Only,vegetarian,,46,60,False,
43,standard_synthetic,synth_user_43,22,female,191,74.4,20.4,maintenance,beginner,,,9.0,poor,9,3.4,Dumbbells,low_carb,,127,60,False,
44,standard_synthetic,synth_user_44,37,female,192,89.6,24.3,fat_loss,beginner,,,7.5,good,2,1.9,Dumbbells,low_carb,,49,30,False,
45,standard_synthetic,synth_user_45,44,male,183,91.0,27.2,maintenance,advanced,,,8.4,poor,4,3.8,Dumbbells,high_protein,,59,90,False,
46,standard_synthetic,synth_user_46,59,male,164,100.9,37.5,endurance,beginner,Diabetes_T2,,6.9,good,7,3.9,Bodyweight Only,high_protein,gluten,50,90,False,
47,standard_synthetic,synth_user_47,45,male,175,87.2,28.5,rehabilitation,advanced,,,8.8,good,10,1.6,Dumbbells,high_protein,,162,60,False,
48,standard_synthetic,synth_user_48,29,female,192,66.3,18.0,maintenance,advanced,Diabetes_T2,,5.4,fair,6,2.5,Bodyweight Only,omnivore,,199,60,False,
49,standard_synthetic,synth_user_49,20,other,184,51.7,15.3,rehabilitation,intermediate,,,6.7,fair,9,2.4,Bodyweight Only,high_protein,peanuts,43,30,False,
50,standard_synthetic,synth_user_50,53,female,163,87.0,32.7,rehabilitation,beginner,,,7.8,good,9,1.5,Bodyweight Only,vegetarian,,87,20,False,
51,standard_synthetic,synth_user_51,25,female,164,68.9,25.6,endurance,beginner,Osteoporosis,,6.8,fair,7,2.0,Dumbbells,vegetarian,,100,60,False,
52,standard_synthetic,synth_user_52,50,female,172,82.5,27.9,endurance,beginner,,,6.8,excellent,6,2.3,Bodyweight Only,high_protein,,112,30,False,
53,standard_synthetic,synth_user_53,33,other,191,64.1,17.6,endurance,advanced,Glaucoma,,8.2,fair,8,3.9,Dumbbells,low_carb,soy,181,45,False,
54,standard_synthetic,synth_user_54,46,male,161,83.7,32.3,muscle_gain,beginner,,,6.9,good,6,3.1,Bodyweight Only,vegetarian,,114,90,False,
55,standard_synthetic,synth_user_55,38,female,195,78.2,20.6,maintenance,beginner,Hypertension,,8.0,excellent,2,3.4,"Barbell,Dumbbells,Pull-Up Bar",high_protein,,72,45,False,
56,standard_synthetic,synth_user_56,20,male,175,95.8,31.3,rehabilitation,intermediate,,,7.3,fair,3,1.9,Bodyweight Only,low_carb,,91,60,False,
57,standard_synthetic,synth_user_57,27,other,169,67.4,23.6,endurance,intermediate,,,7.7,fair,2,2.6,Resistance Bands,low_carb,,106,60,False,
58,standard_synthetic,synth_user_58,34,other,184,83.5,24.7,muscle_gain,intermediate,,,7.3,good,5,1.6,Bodyweight Only,omnivore,,32,90,False,
59,standard_synthetic,synth_user_59,21,other,193,79.3,21.3,maintenance,beginner,Osteoporosis,shoulder,7.5,good,3,3.1,"Barbell,Dumbbells,Pull-Up Bar",omnivore,,142,20,False,
60,standard_synthetic,synth_user_60,41,other,163,51.8,19.5,muscle_gain,advanced,,,8.5,good,9,2.8,Resistance Bands,vegan,,95,60,False,
61,standard_synthetic,synth_user_61,39,female,162,67.7,25.8,rehabilitation,intermediate,,shoulder,5.4,excellent,1,2.2,"Barbell,Dumbbells,Pull-Up Bar",high_protein,soy,124,45,False,
62,standard_synthetic,synth_user_62,42,other,195,87.5,23.0,rehabilitation,intermediate,,,8.7,fair,2,3.1,Bodyweight Only,omnivore,,196,60,False,
63,standard_synthetic,synth_user_63,26,male,157,102.6,41.6,rehabilitation,beginner,,,6.6,good,9,2.5,Dumbbells,high_protein,,197,20,False,
64,standard_synthetic,synth_user_64,57,female,181,87.4,26.7,endurance,beginner,,,8.4,poor,6,2.9,Resistance Bands,vegetarian,,131,45,False,
65,standard_synthetic,synth_user_65,25,male,184,64.1,18.9,muscle_gain,beginner,,,8.1,fair,2,3.6,Dumbbells,low_carb,"peanuts,dairy",85,30,False,
66,standard_synthetic,synth_user_66,27,female,193,48.1,12.9,muscle_gain,beginner,Asthma,ankle,7.6,poor,3,1.5,Dumbbells,low_carb,,112,20,False,
67,standard_synthetic,synth_user_67,34,male,158,65.7,26.3,endurance,intermediate,,,7.1,poor,8,2.8,"Barbell,Dumbbells,Pull-Up Bar",low_carb,,107,60,False,
68,standard_synthetic,synth_user_68,19,other,158,89.9,36.0,endurance,beginner,Glaucoma,,8.6,good,10,1.9,Dumbbells,omnivore,,189,90,False,
69,standard_synthetic,synth_user_69,38,other,179,89.8,28.0,fat_loss,advanced,,,5.5,fair,7,2.6,Dumbbells,high_protein,,116,60,False,
70,standard_synthetic,synth_user_70,44,female,161,61.1,23.6,fat_loss,beginner,,,5.4,poor,6,3.5,"Barbell,Dumbbells,Pull-Up Bar",low_carb,"soy,peanuts",173,90,False,
71,standard_synthetic,synth_user_71,60,female,162,65.3,24.9,maintenance,advanced,Glaucoma,wrist,6.2,poor,10,2.8,Dumbbells,high_protein,,87,20,False,
72,standard_synthetic,synth_user_72,53,female,178,52.8,16.7,rehabilitation,advanced,,,7.5,poor,10,3.8,Resistance Bands,vegetarian,,76,45,False,
73,standard_synthetic,synth_user_73,37,other,176,62.7,20.2,fat_loss,beginner,,,8.0,poor,2,3.4,Dumbbells,high_protein,,137,60,False,
74,standard_synthetic,synth_user_74,28,female,178,61.1,19.3,fat_loss,beginner,,ankle,5.6,poor,2,2.2,Bodyweight Only,high_protein,,185,60,False,
75,standard_synthetic,synth_user_75,35,female,168,79.7,28.2,rehabilitation,intermediate,,,7.1,good,1,2.1,"Barbell,Dumbbells,Pull-Up Bar",vegetarian,,82,45,False,
76,standard_synthetic,synth_user_76,26,male,171,73.0,25.0,muscle_gain,intermediate,,,7.1,fair,9,2.9,Resistance Bands,vegetarian,,131,20,False,
77,standard_synthetic,synth_user_77,19,female,184,86.7,25.6,maintenance,beginner,Glaucoma,,6.6,good,3,3.5,Bodyweight Only,omnivore,soy,52,60,False,
78,standard_synthetic,synth_user_78,33,male,182,86.5,26.1,maintenance,beginner,,,6.3,fair,2,2.8,"Barbell,Dumbbells,Pull-Up Bar",low_carb,,160,30,False,
79,standard_synthetic,synth_user_79,40,female,164,57.9,21.5,fat_loss,beginner,,,8.8,excellent,8,3.4,Bodyweight Only,low_carb,,194,90,False,
80,standard_synthetic,synth_user_80,58,female,175,54.3,17.7,maintenance,advanced,,,5.2,poor,5,2.7,"Barbell,Dumbbells,Pull-Up Bar",vegetarian,,124,45,False,
81,standard_synthetic,synth_user_81,59,male,160,87.7,34.3,fat_loss,intermediate,,,8.6,fair,6,3.0,Dumbbells,vegetarian,,145,20,False,
82,standard_synthetic,synth_user_82,23,female,187,75.1,21.5,maintenance,intermediate,,,6.5,good,10,1.6,Resistance Bands,vegetarian,"dairy,soy",114,20,False,
83,standard_synthetic,synth_user_83,61,other,179,59.9,18.7,muscle_gain,intermediate,Asthma,,6.2,excellent,3,3.0,"Barbell,Dumbbells,Pull-Up Bar",omnivore,,173,60,False,
84,standard_synthetic,synth_user_84,39,other,163,76.1,28.6,maintenance,beginner,Diabetes_T2,,6.5,fair,4,2.4,Bodyweight Only,vegan,,87,30,False,
85,standard_synthetic,synth_user_85,22,male,173,98.0,32.7,maintenance,advanced,,wrist,5.5,excellent,3,1.9,Dumbbells,high_protein,peanuts,41,60,False,
86,standard_synthetic,synth_user_86,61,female,170,88.7,30.7,endurance,beginner,Cardiac_Disease,,6.5,excellent,8,3.4,Bodyweight Only,low_carb,,165,60,False,
87,standard_synthetic,synth_user_87,30,male,193,66.2,17.8,rehabilitation,beginner,,,6.1,fair,5,2.6,Dumbbells,high_protein,peanuts,53,30,False,
88,standard_synthetic,synth_user_88,40,female,156,65.4,26.9,fat_loss,intermediate,,,5.9,good,2,3.6,Resistance Bands,vegan,,65,20,False,
89,standard_synthetic,synth_user_89,48,female,163,79.9,30.1,muscle_gain,beginner,,,7.2,excellent,2,3.4,Dumbbells,omnivore,"peanuts,dairy",61,20,False,
90,standard_synthetic,synth_user_90,44,male,195,95.7,25.2,rehabilitation,advanced,,,6.0,fair,5,2.6,Resistance Bands,vegan,"peanuts,gluten",176,60,False,
91,standard_synthetic,synth_user_91,60,male,160,83.6,32.7,rehabilitation,advanced,,ankle,5.1,excellent,1,3.1,Resistance Bands,omnivore,,34,45,False,
92,standard_synthetic,synth_user_92,40,male,170,93.0,32.2,maintenance,advanced,Pregnancy_T3,,5.7,excellent,8,3.1,Dumbbells,vegetarian,,147,20,False,
93,standard_synthetic,synth_user_93,30,female,157,81.2,32.9,rehabilitation,intermediate,Pregnancy_T3,ankle,6.0,fair,5,2.4,"Barbell,Dumbbells,Pull-Up Bar",omnivore,,99,20,False,
94,standard_synthetic,synth_user_94,45,female,180,79.2,24.4,endurance,intermediate,Glaucoma,,8.7,good,2,3.3,"Barbell,Dumbbells,Pull-Up Bar",high_protein,,184,30,False,
95,standard_synthetic,synth_user_95,36,other,175,52.3,17.1,endurance,beginner,,,7.8,good,8,1.6,Resistance Bands,low_carb,,141,45,False,
96,standard_synthetic,synth_user_96,21,other,159,76.2,30.1,fat_loss,beginner,,,8.4,excellent,1,1.8,Dumbbells,omnivore,dairy,122,60,False,
97,standard_synthetic,synth_user_97,20,other,193,54.4,14.6,fat_loss,advanced,,,5.6,good,7,2.3,Resistance Bands,vegan,,59,20,False,
98,standard_synthetic,synth_user_98,29,other,186,69.7,20.1,rehabilitation,intermediate,"Diabetes_T2,Asthma",wrist,7.8,excellent,4,1.8,"Barbell,Dumbbells,Pull-Up Bar",high_protein,,74,60,False,
99,standard_synthetic,synth_user_99,61,male,175,90.1,29.4,maintenance,advanced,Osteoporosis,shoulder,5.9,fair,3,2.1,Bodyweight Only,vegetarian,dairy,122,90,False,
100,standard_synthetic,synth_user_100,41,other,184,81.8,24.2,maintenance,intermediate,,,9.0,excellent,9,2.5,Bodyweight Only,low_carb,,48,30,False,
101,standard_synthetic,synth_user_101,59,female,159,66.9,26.5,muscle_gain,intermediate,Pregnancy_T3,,7.0,poor,2,2.8,Resistance Bands,vegan,dairy,71,45,False,
102,standard_synthetic,synth_user_102,32,other,177,87.8,28.0,muscle_gain,advanced,,,8.8,good,3,3.1,"Barbell,Dumbbells,Pull-Up Bar",low_carb,,194,30,False,
103,standard_synthetic,synth_user_103,55,other,164,55.2,20.5,fat_loss,beginner,Pregnancy_T3,ankle,5.2,good,4,3.4,Bodyweight Only,low_carb,,193,20,False,
104,standard_synthetic,synth_user_104,58,female,189,60.2,16.9,endurance,beginner,"Cardiac_Disease,Diabetes_T2",wrist,7.8,fair,8,2.5,Bodyweight Only,vegan,,117,90,False,
105,standard_synthetic,synth_user_105,38,male,175,93.0,30.4,rehabilitation,beginner,Glaucoma,,6.3,excellent,2,2.2,Dumbbells,vegan,,54,20,False,
106,standard_synthetic,synth_user_106,42,female,194,65.6,17.4,maintenance,beginner,"Asthma,Glaucoma",,8.1,excellent,9,2.7,Resistance Bands,high_protein,,35,20,False,
107,standard_synthetic,synth_user_107,50,female,184,88.6,26.2,endurance,advanced,,,8.5,excellent,5,2.8,"Barbell,Dumbbells,Pull-Up Bar",high_protein,,64,45,False,
108,standard_synthetic,synth_user_108,41,other,180,63.4,19.6,rehabilitation,intermediate,,,5.3,excellent,9,2.2,"Barbell,Dumbbells,Pull-Up Bar",vegan,,54,60,False,
109,standard_synthetic,synth_user_109,39,female,190,87.4,24.2,fat_loss,beginner,Knee_Arthritis,,5.2,good,8,2.8,Dumbbells,low_carb,,161,30,False,
110,standard_synthetic,synth_user_110,57,female,175,54.8,17.9,rehabilitation,intermediate,"Osteoporosis,Cardiac_Disease",,6.9,poor,6,2.3,"Barbell,Dumbbells,Pull-Up Bar",high_protein,soy,179,45,False,
111,standard_synthetic,synth_user_111,62,other,195,49.1,12.9,fat_loss,advanced,,ankle,6.9,excellent,3,3.6,Dumbbells,vegetarian,,176,20,False,
112,standard_synthetic,synth_user_112,19,male,183,74.1,22.1,rehabilitation,intermediate,,,8.5,poor,3,2.8,Resistance Bands,high_protein,,164,60,False,
113,standard_synthetic,synth_user_113,29,female,184,86.3,25.5,rehabilitation,intermediate,,,5.8,fair,5,2.9,Dumbbells,omnivore,gluten,103,30,False,
114,standard_synthetic,synth_user_114,49,other,175,68.2,22.3,fat_loss,advanced,,wrist,7.7,excellent,7,3.5,Dumbbells,omnivore,,40,45,False,
115,standard_synthetic,synth_user_115,23,other,177,86.8,27.7,rehabilitation,advanced,Cardiac_Disease,,6.1,poor,10,3.4,Dumbbells,vegan,gluten,42,90,False,
116,standard_synthetic,synth_user_116,58,male,169,62.4,21.8,muscle_gain,beginner,,,8.9,fair,7,3.1,Bodyweight Only,high_protein,,196,30,False,
117,standard_synthetic,synth_user_117,38,female,173,75.1,25.1,fat_loss,beginner,"Diabetes_T2,Pregnancy_T3",,6.7,fair,1,4.0,Bodyweight Only,high_protein,,77,45,False,
118,standard_synthetic,synth_user_118,18,male,174,85.6,28.3,rehabilitation,advanced,,lower_back,7.0,fair,9,2.7,Dumbbells,vegetarian,,114,30,False,
119,standard_synthetic,synth_user_119,47,other,171,78.2,26.7,muscle_gain,beginner,,,7.4,excellent,7,2.8,"Barbell,Dumbbells,Pull-Up Bar",high_protein,,54,30,False,
120,standard_synthetic,synth_user_120,48,male,175,102.1,33.3,maintenance,intermediate,,,6.2,poor,5,3.1,Dumbbells,vegetarian,,200,20,False,
121,standard_synthetic,synth_user_121,37,female,165,65.0,23.9,maintenance,intermediate,,wrist,7.5,fair,3,2.7,Bodyweight Only,low_carb,peanuts,125,60,False,
122,standard_synthetic,synth_user_122,53,other,185,79.8,23.3,rehabilitation,intermediate,Knee_Arthritis,wrist,7.1,good,2,3.8,"Barbell,Dumbbells,Pull-Up Bar",vegetarian,peanuts,170,90,False,
123,standard_synthetic,synth_user_123,54,male,189,66.7,18.7,muscle_gain,advanced,,,7.3,poor,9,2.6,"Barbell,Dumbbells,Pull-Up Bar",high_protein,,63,90,False,
124,standard_synthetic,synth_user_124,47,female,191,50.4,13.8,maintenance,beginner,,wrist,8.0,poor,1,2.6,"Barbell,Dumbbells,Pull-Up Bar",low_carb,,45,20,False,
125,standard_synthetic,synth_user_125,20,female,173,65.2,21.8,endurance,intermediate,Glaucoma,,5.3,fair,6,1.8,Bodyweight Only,low_carb,soy,62,30,False,
126,standard_synthetic,synth_user_126,19,male,174,80.8,26.7,endurance,intermediate,Glaucoma,,5.6,fair,2,1.6,Bodyweight Only,low_carb,dairy,34,30,False,
127,standard_synthetic,synth_user_127,22,male,161,86.7,33.4,fat_loss,intermediate,,,6.8,fair,1,1.9,Resistance Bands,vegan,dairy,177,45,False,
128,standard_synthetic,synth_user_128,56,other,175,57.9,18.9,rehabilitation,advanced,Knee_Arthritis,,8.5,fair,7,2.9,"Barbell,Dumbbells,Pull-Up Bar",omnivore,,194,60,False,
129,standard_synthetic,synth_user_129,38,other,181,65.1,19.9,muscle_gain,beginner,,,6.2,fair,8,3.8,Bodyweight Only,high_protein,,172,90,False,
130,standard_synthetic,synth_user_130,42,male,170,71.5,24.7,maintenance,beginner,,,7.1,fair,1,2.2,"Barbell,Dumbbells,Pull-Up Bar",vegetarian,,78,90,False,
131,standard_synthetic,synth_user_131,60,other,190,57.1,15.8,muscle_gain,advanced,,lower_back,5.5,excellent,4,3.2,Dumbbells,high_protein,"peanuts,soy",91,90,False,
132,standard_synthetic,synth_user_132,36,female,179,67.6,21.1,endurance,intermediate,Osteoporosis,,5.4,excellent,6,3.8,Resistance Bands,omnivore,,135,20,False,
133,standard_synthetic,synth_user_133,32,other,164,48.7,18.1,muscle_gain,beginner,,,6.3,excellent,10,3.6,Bodyweight Only,low_carb,gluten,197,45,False,
134,standard_synthetic,synth_user_134,49,female,186,67.4,19.5,muscle_gain,advanced,Pregnancy_T3,,9.0,poor,9,1.6,"Barbell,Dumbbells,Pull-Up Bar",vegetarian,soy,31,60,False,
135,standard_synthetic,synth_user_135,58,male,169,63.1,22.1,fat_loss,advanced,,,7.6,excellent,8,1.5,Bodyweight Only,vegetarian,,34,90,False,
136,standard_synthetic,synth_user_136,35,other,189,89.1,24.9,muscle_gain,beginner,,wrist,8.7,fair,4,2.0,Resistance Bands,omnivore,,98,60,False,
137,standard_synthetic,synth_user_137,41,male,180,80.7,24.9,fat_loss,advanced,,,9.0,poor,2,2.5,Bodyweight Only,low_carb,,151,20,False,
138,standard_synthetic,synth_user_138,18,other,165,51.5,18.9,rehabilitation,beginner,Pregnancy_T3,,5.9,excellent,5,1.6,"Barbell,Dumbbells,Pull-Up Bar",omnivore,peanuts,169,90,False,
139,standard_synthetic,synth_user_139,20,other,166,87.0,31.6,endurance,beginner,,ankle,6.2,fair,10,3.6,Bodyweight Only,low_carb,,114,60,False,
140,standard_synthetic,synth_user_140,26,other,160,69.0,27.0,rehabilitation,advanced,"Hypertension,Cardiac_Disease",,8.8,excellent,6,1.6,Resistance Bands,high_protein,gluten,155,30,False,
141,standard_synthetic,synth_user_141,53,female,179,66.1,20.6,muscle_gain,advanced,Glaucoma,,5.3,good,3,2.4,Dumbbells,high_protein,,111,45,False,
142,standard_synthetic,synth_user_142,23,male,155,102.4,42.6,muscle_gain,intermediate,,knee,6.8,excellent,2,1.6,Resistance Bands,low_carb,,53,90,False,
143,standard_synthetic,synth_user_143,38,other,179,48.5,15.1,rehabilitation,beginner,,wrist,7.7,fair,3,2.2,Resistance Bands,high_protein,"dairy,gluten",67,20,False,
144,standard_synthetic,synth_user_144,45,male,172,78.9,26.7,muscle_gain,advanced,,,7.5,fair,8,1.8,Resistance Bands,vegetarian,,131,45,False,
145,standard_synthetic,synth_user_145,42,other,176,66.5,21.5,maintenance,advanced,,wrist,8.8,fair,8,2.3,Bodyweight Only,omnivore,"dairy,soy",104,60,False,
146,standard_synthetic,synth_user_146,33,other,175,63.8,20.8,rehabilitation,beginner,Glaucoma,,7.7,poor,8,3.9,Dumbbells,high_protein,"dairy,gluten",104,20,False,
147,standard_synthetic,synth_user_147,61,female,186,53.8,15.6,endurance,intermediate,,,5.3,excellent,10,2.5,Bodyweight Only,low_carb,,39,45,False,
148,standard_synthetic,synth_user_148,52,other,193,74.8,20.1,muscle_gain,advanced,,wrist,7.5,excellent,6,3.9,Bodyweight Only,vegetarian,,32,20,False,
149,standard_synthetic,synth_user_149,32,female,187,79.4,22.7,maintenance,intermediate,,,6.9,fair,6,4.0,Bodyweight Only,vegetarian,,105,60,False,
150,standard_synthetic,synth_user_150,25,male,164,75.7,28.1,endurance,beginner,,ankle,6.8,excellent,6,1.7,"Barbell,Dumbbells,Pull-Up Bar",vegetarian,,35,45,False,
151,standard_synthetic,synth_user_151,24,other,165,87.1,32.0,endurance,intermediate,Asthma,,5.9,excellent,3,2.0,Bodyweight Only,high_protein,,37,90,False,
152,standard_synthetic,synth_user_152,46,male,192,79.3,21.5,fat_loss,advanced,,,5.4,fair,6,2.3,Bodyweight Only,vegetarian,,97,60,False,
153,standard_synthetic,synth_user_153,58,other,175,73.1,23.9,maintenance,advanced,Diabetes_T2,,7.4,fair,6,1.8,Resistance Bands,vegetarian,dairy,76,45,False,
154,standard_synthetic,synth_user_154,27,other,187,64.3,18.4,endurance,advanced,,,7.1,fair,9,1.9,Resistance Bands,vegan,,77,45,False,
155,standard_synthetic,synth_user_155,57,female,158,84.4,33.8,rehabilitation,advanced,"Cardiac_Disease,Diabetes_T2",,7.6,excellent,8,2.5,Bodyweight Only,high_protein,,72,20,False,
156,standard_synthetic,synth_user_156,19,other,169,60.3,21.1,endurance,advanced,,,8.0,excellent,9,2.8,"Barbell,Dumbbells,Pull-Up Bar",omnivore,,169,45,False,
157,standard_synthetic,synth_user_157,20,other,183,70.9,21.2,fat_loss,intermediate,"Diabetes_T2,Pregnancy_T3",shoulder,6.1,poor,8,3.7,"Barbell,Dumbbells,Pull-Up Bar",vegan,,83,90,False,
158,standard_synthetic,synth_user_158,40,other,194,74.6,19.8,muscle_gain,beginner,,,7.3,good,10,2.8,Resistance Bands,omnivore,,104,90,False,
159,standard_synthetic,synth_user_159,50,female,161,53.7,20.7,muscle_gain,beginner,Glaucoma,lower_back,5.6,good,4,3.4,Bodyweight Only,high_protein,dairy,66,90,False,
160,standard_synthetic,synth_user_160,35,other,195,65.4,17.2,endurance,advanced,,,8.0,good,8,3.9,Resistance Bands,low_carb,peanuts,30,20,False,
161,standard_synthetic,synth_user_161,47,other,195,75.9,20.0,muscle_gain,intermediate,,,8.3,excellent,5,2.3,Resistance Bands,omnivore,,170,90,False,
162,standard_synthetic,synth_user_162,54,male,186,95.5,27.6,endurance,beginner,Hypertension,,5.5,fair,8,2.6,Bodyweight Only,vegan,,63,45,False,
163,standard_synthetic,synth_user_163,35,male,160,89.5,35.0,endurance,advanced,,,6.2,fair,7,3.1,"Barbell,Dumbbells,Pull-Up Bar",vegetarian,"dairy,peanuts",84,60,False,
164,standard_synthetic,synth_user_164,26,male,192,70.2,19.0,fat_loss,intermediate,Hypertension,,7.8,excellent,2,2.1,"Barbell,Dumbbells,Pull-Up Bar",vegetarian,,56,45,False,
165,standard_synthetic,synth_user_165,37,female,163,64.1,24.1,fat_loss,advanced,Asthma,,7.3,fair,8,2.4,Dumbbells,vegan,,135,90,False,
166,standard_synthetic,synth_user_166,46,other,168,51.6,18.3,endurance,intermediate,,ankle,8.2,fair,5,3.1,Dumbbells,low_carb,gluten,183,90,False,
167,standard_synthetic,synth_user_167,56,other,173,80.7,27.0,muscle_gain,advanced,Osteoporosis,,6.6,poor,4,2.7,"Barbell,Dumbbells,Pull-Up Bar",vegan,,157,90,False,
168,standard_synthetic,synth_user_168,51,male,155,104.4,43.5,rehabilitation,advanced,"Asthma,Knee_Arthritis",ankle,5.7,excellent,2,1.5,"Barbell,Dumbbells,Pull-Up Bar",vegetarian,,97,30,False,
169,standard_synthetic,synth_user_169,21,male,180,82.8,25.6,rehabilitation,advanced,Glaucoma,,7.5,good,2,2.3,Dumbbells,vegan,,167,45,False,
170,standard_synthetic,synth_user_170,55,female,195,80.1,21.1,muscle_gain,beginner,Diabetes_T2,,6.0,excellent,2,2.6,"Barbell,Dumbbells,Pull-Up Bar",omnivore,,200,30,False,
171,standard_synthetic,synth_user_171,18,male,163,91.6,34.5,maintenance,beginner,,ankle,6.5,good,2,3.4,"Barbell,Dumbbells,Pull-Up Bar",omnivore,,139,45,False,
172,standard_synthetic,synth_user_172,22,other,171,77.9,26.6,maintenance,beginner,,,7.0,fair,6,1.9,"Barbell,Dumbbells,Pull-Up Bar",low_carb,,59,30,False,
173,standard_synthetic,synth_user_173,50,other,155,49.8,20.7,muscle_gain,beginner,Knee_Arthritis,,8.7,poor,9,3.5,Bodyweight Only,vegan,,112,30,False,
174,standard_synthetic,synth_user_174,38,female,172,82.7,28.0,fat_loss,beginner,,,5.9,poor,7,1.7,Bodyweight Only,omnivore,,109,45,False,
175,standard_synthetic,synth_user_175,53,male,184,60.4,17.8,rehabilitation,beginner,,,6.9,excellent,4,3.3,Dumbbells,vegan,,31,60,False,
176,standard_synthetic,synth_user_176,32,male,189,75.6,21.2,maintenance,beginner,Hypertension,knee,5.8,fair,7,2.7,"Barbell,Dumbbells,Pull-Up Bar",vegan,soy,101,20,False,
177,standard_synthetic,synth_user_177,32,male,188,78.6,22.2,rehabilitation,beginner,Cardiac_Disease,knee,7.5,excellent,2,3.0,"Barbell,Dumbbells,Pull-Up Bar",high_protein,,199,30,False,
178,standard_synthetic,synth_user_178,36,male,171,98.3,33.6,maintenance,beginner,"Glaucoma,Pregnancy_T3",lower_back,5.3,fair,3,3.4,"Barbell,Dumbbells,Pull-Up Bar",vegan,,57,30,False,
179,standard_synthetic,synth_user_179,47,female,175,65.1,21.3,endurance,intermediate,,shoulder,8.4,poor,3,3.5,Resistance Bands,low_carb,,40,30,False,
180,standard_synthetic,synth_user_180,27,female,160,77.9,30.4,muscle_gain,beginner,"Glaucoma,Osteoporosis",,8.8,excellent,9,3.4,Dumbbells,vegetarian,,148,20,False,
181,standard_synthetic,synth_user_181,25,male,155,62.8,26.1,fat_loss,advanced,Knee_Arthritis,,7.3,poor,1,4.0,Dumbbells,high_protein,gluten,62,20,False,
182,standard_synthetic,synth_user_182,25,female,157,87.6,35.5,endurance,beginner,,neck,6.5,excellent,3,2.4,Dumbbells,omnivore,soy,101,60,False,
183,standard_synthetic,synth_user_183,20,male,194,87.9,23.4,rehabilitation,intermediate,,,5.2,good,7,1.8,Dumbbells,low_carb,,93,90,False,
184,standard_synthetic,synth_user_184,42,male,177,81.6,26.0,maintenance,beginner,Pregnancy_T3,ankle,5.1,fair,1,3.7,Resistance Bands,vegetarian,,150,90,False,
185,standard_synthetic,synth_user_185,55,female,169,88.9,31.1,fat_loss,beginner,,,7.3,excellent,6,3.8,Dumbbells,vegan,,90,90,False,
186,standard_synthetic,synth_user_186,62,female,177,86.4,27.6,muscle_gain,intermediate,,,7.2,fair,8,1.6,"Barbell,Dumbbells,Pull-Up Bar",vegan,"dairy,gluten",184,30,False,
187,standard_synthetic,synth_user_187,51,male,185,60.0,17.5,fat_loss,beginner,"Knee_Arthritis,Glaucoma",,5.6,fair,2,3.6,Resistance Bands,vegetarian,gluten,125,60,False,
188,standard_synthetic,synth_user_188,24,other,176,60.7,19.6,maintenance,beginner,,,7.8,good,4,3.2,Dumbbells,high_protein,"soy,gluten",108,45,False,
189,standard_synthetic,synth_user_189,29,male,155,102.7,42.7,rehabilitation,intermediate,"Glaucoma,Cardiac_Disease",ankle,8.7,fair,10,1.8,Bodyweight Only,vegan,,114,20,False,
190,standard_synthetic,synth_user_190,40,male,175,67.6,22.1,maintenance,intermediate,Diabetes_T2,wrist,5.0,fair,4,3.2,Resistance Bands,omnivore,,57,20,False,
191,standard_synthetic,synth_user_191,42,male,183,93.0,27.8,fat_loss,intermediate,"Glaucoma,Knee_Arthritis",lower_back,8.2,fair,3,2.6,"Barbell,Dumbbells,Pull-Up Bar",omnivore,,35,45,False,
192,standard_synthetic,synth_user_192,24,female,159,62.4,24.7,fat_loss,intermediate,Asthma,,7.4,excellent,1,2.6,Dumbbells,low_carb,,141,30,False,
193,standard_synthetic,synth_user_193,24,male,176,69.2,22.3,maintenance,intermediate,,,6.0,poor,7,2.9,Bodyweight Only,vegan,gluten,43,45,False,
194,standard_synthetic,synth_user_194,45,male,160,73.3,28.6,muscle_gain,advanced,Cardiac_Disease,,6.2,poor,8,3.6,Resistance Bands,high_protein,,150,60,False,
195,standard_synthetic,synth_user_195,34,other,160,75.0,29.3,muscle_gain,intermediate,,,5.2,excellent,8,2.2,Resistance Bands,low_carb,,45,30,False,
196,standard_synthetic,synth_user_196,60,other,161,51.6,19.9,fat_loss,intermediate,,,8.3,excellent,9,3.2,Bodyweight Only,low_carb,"dairy,gluten",90,60,False,
197,standard_synthetic,synth_user_197,23,female,180,85.9,26.5,muscle_gain,beginner,Asthma,,8.2,fair,1,2.6,Bodyweight Only,vegan,dairy,190,30,False,
198,standard_synthetic,synth_user_198,34,other,175,86.3,28.2,maintenance,intermediate,"Diabetes_T2,Hypertension",,7.1,poor,10,3.0,Bodyweight Only,vegetarian,,136,30,False,
199,standard_synthetic,synth_user_199,54,male,192,86.2,23.4,maintenance,advanced,"Diabetes_T2,Hypertension",,8.5,excellent,5,2.5,Bodyweight Only,low_carb,,185,60,False,
200,standard_synthetic,synth_user_200,29,male,172,78.1,26.4,muscle_gain,beginner,Glaucoma,,8.0,good,6,1.6,Resistance Bands,omnivore,gluten,101,60,False,
201,standard_synthetic,synth_user_201,61,other,161,88.8,34.3,maintenance,advanced,,,6.7,poor,4,2.6,Bodyweight Only,high_protein,gluten,162,45,False,
202,standard_synthetic,synth_user_202,50,male,165,63.0,23.1,muscle_gain,beginner,Glaucoma,,8.5,fair,1,2.1,Bodyweight Only,vegetarian,peanuts,122,30,False,
203,standard_synthetic,synth_user_203,41,female,184,69.2,20.4,endurance,advanced,Diabetes_T2,,6.8,excellent,10,2.9,Resistance Bands,vegan,,96,20,False,
204,standard_synthetic,synth_user_204,19,female,179,50.1,15.6,muscle_gain,intermediate,Knee_Arthritis,wrist,7.6,poor,1,2.7,Dumbbells,vegan,,183,20,False,
205,standard_synthetic,synth_user_205,34,male,193,96.2,25.8,endurance,intermediate,,wrist,6.8,fair,8,2.3,Bodyweight Only,low_carb,,56,20,False,
206,standard_synthetic,synth_user_206,60,other,178,71.6,22.6,endurance,beginner,,,6.3,good,6,3.7,Resistance Bands,omnivore,,78,30,False,
207,standard_synthetic,synth_user_207,33,other,158,81.8,32.8,fat_loss,advanced,Glaucoma,,7.0,good,5,3.8,Bodyweight Only,high_protein,,39,90,False,
208,standard_synthetic,synth_user_208,54,other,167,62.4,22.4,maintenance,beginner,Cardiac_Disease,wrist,8.4,fair,5,1.7,Dumbbells,omnivore,,173,30,False,
209,standard_synthetic,synth_user_209,39,other,160,57.3,22.4,maintenance,intermediate,,neck,7.3,excellent,2,2.7,"Barbell,Dumbbells,Pull-Up Bar",high_protein,gluten,79,90,False,
210,standard_synthetic,synth_user_210,61,male,179,83.8,26.2,muscle_gain,intermediate,,shoulder,6.6,excellent,3,2.3,Dumbbells,vegetarian,,154,45,False,
211,standard_synthetic,synth_user_211,29,other,175,74.6,24.4,rehabilitation,beginner,,,7.0,poor,3,3.0,Bodyweight Only,high_protein,dairy,139,60,False,
212,standard_synthetic,synth_user_212,18,female,157,70.4,28.6,fat_loss,advanced,Hypertension,ankle,7.9,fair,6,2.3,"Barbell,Dumbbells,Pull-Up Bar",high_protein,,158,90,False,
213,standard_synthetic,synth_user_213,28,female,159,82.6,32.7,endurance,advanced,,,9.0,good,8,2.4,Dumbbells,vegan,gluten,133,20,False,
214,standard_synthetic,synth_user_214,32,male,163,69.5,26.2,fat_loss,intermediate,,,8.5,good,9,3.1,"Barbell,Dumbbells,Pull-Up Bar",vegetarian,,197,20,False,
215,standard_synthetic,synth_user_215,62,male,162,78.8,30.0,muscle_gain,beginner,,,7.8,poor,5,2.6,"Barbell,Dumbbells,Pull-Up Bar",low_carb,,99,90,False,
216,standard_synthetic,synth_user_216,62,other,163,65.6,24.7,muscle_gain,advanced,Diabetes_T2,,5.8,good,9,3.9,Resistance Bands,high_protein,soy,105,30,False,
217,standard_synthetic,synth_user_217,53,male,186,101.0,29.2,fat_loss,beginner,Cardiac_Disease,,8.3,excellent,3,3.9,"Barbell,Dumbbells,Pull-Up Bar",vegetarian,,95,30,False,
218,standard_synthetic,synth_user_218,36,female,171,67.5,23.1,maintenance,intermediate,,,8.2,good,7,3.3,"Barbell,Dumbbells,Pull-Up Bar",vegetarian,,32,30,False,
219,standard_synthetic,synth_user_219,59,other,165,61.8,22.7,maintenance,beginner,Osteoporosis,knee,5.5,excellent,8,2.2,Bodyweight Only,high_protein,,137,30,False,
220,standard_synthetic,synth_user_220,26,male,158,104.2,41.7,rehabilitation,advanced,Diabetes_T2,,6.8,excellent,6,3.0,Dumbbells,high_protein,,154,20,False,
221,standard_synthetic,synth_user_221,46,female,157,50.7,20.6,rehabilitation,advanced,Hypertension,,7.3,good,9,2.8,"Barbell,Dumbbells,Pull-Up Bar",high_protein,,199,30,False,
222,standard_synthetic,synth_user_222,40,female,179,54.2,16.9,muscle_gain,beginner,Hypertension,,8.0,good,4,2.3,Resistance Bands,vegetarian,"soy,dairy",159,30,False,
223,standard_synthetic,synth_user_223,59,other,179,64.9,20.3,fat_loss,intermediate,,,6.8,poor,8,3.4,"Barbell,Dumbbells,Pull-Up Bar",vegetarian,soy,133,60,False,
224,standard_synthetic,synth_user_224,53,male,190,60.0,16.6,maintenance,advanced,,,7.2,excellent,6,2.4,"Barbell,Dumbbells,Pull-Up Bar",vegan,,146,45,False,
225,standard_synthetic,synth_user_225,57,other,193,67.9,18.2,fat_loss,intermediate,Cardiac_Disease,,6.4,good,9,2.8,"Barbell,Dumbbells,Pull-Up Bar",vegetarian,dairy,72,60,False,
226,standard_synthetic,synth_user_226,44,male,161,71.4,27.5,endurance,beginner,,,7.9,poor,7,1.6,"Barbell,Dumbbells,Pull-Up Bar",high_protein,dairy,147,90,False,
227,standard_synthetic,synth_user_227,26,other,186,48.2,13.9,rehabilitation,beginner,Glaucoma,neck,7.9,fair,2,2.5,Resistance Bands,low_carb,"dairy,gluten",128,60,False,
228,standard_synthetic,synth_user_228,62,other,170,59.5,20.6,rehabilitation,intermediate,"Osteoporosis,Knee_Arthritis",shoulder,8.4,good,9,3.1,Dumbbells,vegan,,189,45,False,
229,standard_synthetic,synth_user_229,40,other,163,89.2,33.6,maintenance,advanced,Asthma,,5.5,good,9,2.7,Bodyweight Only,low_carb,,103,60,False,
230,standard_synthetic,synth_user_230,51,male,161,61.1,23.6,muscle_gain,intermediate,,,7.7,fair,1,3.2,Resistance Bands,vegan,,168,20,False,
231,standard_synthetic,synth_user_231,46,female,161,73.9,28.5,muscle_gain,advanced,Knee_Arthritis,,8.1,good,1,3.8,Bodyweight Only,high_protein,,110,90,False,
232,standard_synthetic,synth_user_232,18,male,171,69.1,23.6,rehabilitation,advanced,Cardiac_Disease,wrist,8.0,fair,4,2.2,Dumbbells,vegetarian,gluten,77,30,False,
233,standard_synthetic,synth_user_233,50,other,162,63.8,24.3,rehabilitation,intermediate,,,5.0,excellent,3,1.6,Resistance Bands,low_carb,,43,90,False,
234,standard_synthetic,synth_user_234,37,other,186,81.2,23.5,muscle_gain,advanced,,,5.3,fair,7,2.9,Bodyweight Only,vegetarian,dairy,119,30,False,
235,standard_synthetic,synth_user_235,60,male,176,74.9,24.2,rehabilitation,advanced,,ankle,5.0,good,8,2.1,Dumbbells,vegetarian,,112,60,False,
236,standard_synthetic,synth_user_236,42,male,171,84.3,28.8,rehabilitation,intermediate,,lower_back,6.9,good,4,2.3,"Barbell,Dumbbells,Pull-Up Bar",vegetarian,,72,90,False,
237,standard_synthetic,synth_user_237,18,other,195,50.7,13.3,rehabilitation,advanced,Knee_Arthritis,neck,8.5,excellent,2,3.4,Dumbbells,vegetarian,dairy,147,45,False,
238,standard_synthetic,synth_user_238,23,male,159,62.4,24.7,maintenance,intermediate,Diabetes_T2,,6.6,excellent,7,2.3,Bodyweight Only,vegetarian,,166,20,False,
239,standard_synthetic,synth_user_239,57,other,159,79.8,31.6,rehabilitation,beginner,,,6.2,good,10,1.7,Bodyweight Only,high_protein,,131,20,False,
240,standard_synthetic,synth_user_240,28,female,189,57.2,16.0,maintenance,beginner,Osteoporosis,shoulder,7.2,fair,2,1.6,Bodyweight Only,low_carb,,170,20,False,
241,standard_synthetic,synth_user_241,31,female,177,56.9,18.2,maintenance,beginner,"Asthma,Diabetes_T2",,5.5,poor,9,2.7,"Barbell,Dumbbells,Pull-Up Bar",omnivore,,47,45,False,
242,standard_synthetic,synth_user_242,30,male,192,81.9,22.2,fat_loss,intermediate,,,7.5,fair,6,2.7,Resistance Bands,low_carb,,198,45,False,
243,standard_synthetic,synth_user_243,55,other,164,71.8,26.7,fat_loss,intermediate,,,6.0,fair,7,2.2,Resistance Bands,vegan,,114,60,False,
244,standard_synthetic,synth_user_244,46,female,177,80.5,25.7,fat_loss,intermediate,,,8.4,fair,9,2.0,"Barbell,Dumbbells,Pull-Up Bar",vegetarian,,34,90,False,
245,standard_synthetic,synth_user_245,19,other,192,72.3,19.6,rehabilitation,intermediate,Knee_Arthritis,ankle,7.6,fair,6,2.5,Resistance Bands,vegan,,148,90,False,
246,standard_synthetic,synth_user_246,23,other,180,63.3,19.5,muscle_gain,intermediate,,,5.6,fair,8,3.8,"Barbell,Dumbbells,Pull-Up Bar",vegan,"dairy,gluten",154,30,False,
247,standard_synthetic,synth_user_247,34,male,178,70.5,22.3,maintenance,beginner,Pregnancy_T3,,7.8,good,5,2.9,Dumbbells,high_protein,"peanuts,soy",197,60,False,
248,standard_synthetic,synth_user_248,55,female,159,69.7,27.6,maintenance,intermediate,,ankle,8.2,poor,9,3.7,Bodyweight Only,vegan,,88,20,False,
249,standard_synthetic,synth_user_249,59,other,172,56.9,19.2,muscle_gain,intermediate,,,8.2,poor,8,3.2,Bodyweight Only,vegan,peanuts,181,30,False,
250,standard_synthetic,synth_user_250,44,other,156,58.2,23.9,rehabilitation,beginner,,,8.6,fair,1,1.9,Dumbbells,low_carb,,133,90,False,
251,standard_synthetic,synth_user_251,58,other,156,84.9,34.9,endurance,intermediate,Osteoporosis,shoulder,5.7,excellent,10,1.9,Dumbbells,low_carb,,198,90,False,
252,standard_synthetic,synth_user_252,28,female,176,86.7,28.0,muscle_gain,beginner,,,5.1,excellent,3,3.0,Dumbbells,high_protein,,187,90,False,
253,standard_synthetic,synth_user_253,52,male,187,93.9,26.9,endurance,advanced,,,6.7,poor,9,2.6,Bodyweight Only,high_protein,"peanuts,gluten",119,90,False,
254,standard_synthetic,synth_user_254,62,other,191,52.1,14.3,fat_loss,intermediate,,,7.4,excellent,5,2.0,"Barbell,Dumbbells,Pull-Up Bar",low_carb,,163,20,False,
255,standard_synthetic,synth_user_255,18,other,179,75.5,23.6,endurance,advanced,Pregnancy_T3,,7.3,good,9,2.6,Resistance Bands,low_carb,,100,60,False,
256,standard_synthetic,synth_user_256,44,male,190,95.3,26.4,maintenance,intermediate,,,7.3,excellent,3,3.6,"Barbell,Dumbbells,Pull-Up Bar",vegan,,144,30,False,
257,standard_synthetic,synth_user_257,31,male,187,78.0,22.3,fat_loss,beginner,,,6.6,poor,2,3.6,Bodyweight Only,low_carb,,141,20,False,
258,standard_synthetic,synth_user_258,34,male,169,76.7,26.9,rehabilitation,intermediate,Glaucoma,neck,7.8,poor,3,3.1,Bodyweight Only,vegetarian,,81,90,False,
259,standard_synthetic,synth_user_259,30,female,157,80.9,32.8,fat_loss,intermediate,,,6.0,poor,3,1.7,Resistance Bands,high_protein,,120,60,False,
260,standard_synthetic,synth_user_260,55,female,167,69.7,25.0,rehabilitation,advanced,Diabetes_T2,ankle,6.4,good,4,3.0,Dumbbells,high_protein,,133,90,False,
261,standard_synthetic,synth_user_261,34,male,166,78.3,28.4,fat_loss,advanced,,,8.8,good,8,3.9,Bodyweight Only,vegan,,116,60,False,
262,standard_synthetic,synth_user_262,47,other,192,84.2,22.8,muscle_gain,advanced,,,7.8,good,7,3.9,"Barbell,Dumbbells,Pull-Up Bar",omnivore,,93,45,False,
263,standard_synthetic,synth_user_263,43,male,176,63.4,20.5,muscle_gain,advanced,"Cardiac_Disease,Asthma",,7.7,fair,8,3.3,Dumbbells,vegan,gluten,97,30,False,
264,standard_synthetic,synth_user_264,30,male,170,97.6,33.8,fat_loss,advanced,,knee,8.8,excellent,6,3.1,Bodyweight Only,low_carb,"soy,gluten",100,60,False,
265,standard_synthetic,synth_user_265,50,male,172,77.9,26.3,rehabilitation,beginner,Asthma,,7.0,excellent,3,2.6,"Barbell,Dumbbells,Pull-Up Bar",low_carb,soy,147,45,False,
266,standard_synthetic,synth_user_266,18,other,155,76.3,31.8,maintenance,beginner,,,7.2,fair,5,2.7,Resistance Bands,omnivore,,77,60,False,
267,standard_synthetic,synth_user_267,31,female,181,77.4,23.6,rehabilitation,beginner,,lower_back,8.9,fair,2,3.3,Dumbbells,low_carb,,140,60,False,
268,standard_synthetic,synth_user_268,27,male,164,81.3,30.2,rehabilitation,advanced,,,7.9,excellent,5,2.1,"Barbell,Dumbbells,Pull-Up Bar",high_protein,,55,30,False,
269,standard_synthetic,synth_user_269,31,male,171,81.4,27.8,maintenance,advanced,Cardiac_Disease,,7.2,good,6,1.5,"Barbell,Dumbbells,Pull-Up Bar",omnivore,,185,30,False,
270,standard_synthetic,synth_user_270,54,other,189,55.3,15.5,endurance,beginner,Pregnancy_T3,,6.5,good,8,3.1,Dumbbells,vegan,,193,45,False,
271,standard_synthetic,synth_user_271,58,female,194,72.0,19.1,maintenance,intermediate,Diabetes_T2,,7.6,good,10,3.1,Resistance Bands,high_protein,,122,90,False,
272,standard_synthetic,synth_user_272,46,other,181,55.0,16.8,fat_loss,beginner,Asthma,,5.7,poor,2,1.7,Bodyweight Only,low_carb,,43,20,False,
273,standard_synthetic,synth_user_273,51,female,160,52.4,20.5,muscle_gain,beginner,Diabetes_T2,,8.0,excellent,3,1.8,Dumbbells,vegetarian,gluten,38,45,False,
274,standard_synthetic,synth_user_274,48,female,184,88.9,26.3,rehabilitation,beginner,,,7.4,excellent,10,2.6,Resistance Bands,omnivore,,153,90,False,
275,standard_synthetic,synth_user_275,23,male,183,73.9,22.1,rehabilitation,beginner,,,6.4,excellent,9,1.5,Bodyweight Only,high_protein,,106,20,False,
276,standard_synthetic,synth_user_276,36,female,193,57.7,15.5,rehabilitation,intermediate,,,6.6,fair,7,3.6,Dumbbells,omnivore,,50,60,False,
277,standard_synthetic,synth_user_277,33,other,188,80.1,22.7,maintenance,intermediate,"Osteoporosis,Asthma",,5.8,poor,3,1.8,"Barbell,Dumbbells,Pull-Up Bar",high_protein,,188,60,False,
278,standard_synthetic,synth_user_278,62,female,194,68.7,18.3,fat_loss,intermediate,,,6.1,excellent,1,2.1,Dumbbells,vegetarian,"peanuts,soy",156,30,False,
279,standard_synthetic,synth_user_279,44,female,174,81.0,26.8,fat_loss,intermediate,,,5.3,fair,1,2.2,Bodyweight Only,vegetarian,,169,60,False,
280,standard_synthetic,synth_user_280,30,male,171,96.8,33.1,endurance,beginner,Diabetes_T2,wrist,8.0,poor,4,2.7,"Barbell,Dumbbells,Pull-Up Bar",low_carb,,200,30,False,
281,standard_synthetic,synth_user_281,42,female,174,87.3,28.8,maintenance,intermediate,,,7.6,fair,6,3.7,Dumbbells,vegetarian,peanuts,90,60,False,
282,standard_synthetic,synth_user_282,18,female,165,81.4,29.9,fat_loss,advanced,,,8.1,excellent,10,1.9,"Barbell,Dumbbells,Pull-Up Bar",vegan,,70,60,False,
283,standard_synthetic,synth_user_283,61,male,194,75.2,20.0,rehabilitation,beginner,"Hypertension,Cardiac_Disease",,5.5,fair,6,4.0,Resistance Bands,high_protein,,79,20,False,
284,standard_synthetic,synth_user_284,42,other,177,78.4,25.0,rehabilitation,advanced,,,7.0,fair,9,2.4,Bodyweight Only,omnivore,gluten,183,90,False,
285,standard_synthetic,synth_user_285,22,male,188,67.0,19.0,fat_loss,advanced,,,7.0,fair,1,3.0,Resistance Bands,low_carb,,91,45,False,
286,standard_synthetic,synth_user_286,22,other,189,82.4,23.1,rehabilitation,intermediate,,,6.3,good,2,1.7,"Barbell,Dumbbells,Pull-Up Bar",vegetarian,dairy,63,30,False,
287,standard_synthetic,synth_user_287,30,male,161,81.8,31.6,rehabilitation,advanced,,,7.8,good,1,2.4,"Barbell,Dumbbells,Pull-Up Bar",vegetarian,soy,83,60,False,
288,standard_synthetic,synth_user_288,47,male,195,62.7,16.5,rehabilitation,intermediate,,neck,7.1,poor,5,1.7,Dumbbells,low_carb,peanuts,54,20,False,
289,standard_synthetic,synth_user_289,32,other,189,64.2,18.0,muscle_gain,advanced,,,8.0,excellent,2,3.4,Resistance Bands,high_protein,,200,60,False,
290,standard_synthetic,synth_user_290,28,male,166,84.7,30.7,rehabilitation,intermediate,,,8.7,good,9,4.0,Resistance Bands,omnivore,,135,60,False,
291,standard_synthetic,synth_user_291,38,other,193,58.1,15.6,maintenance,intermediate,,,8.8,excellent,7,1.5,"Barbell,Dumbbells,Pull-Up Bar",omnivore,,182,20,False,
292,standard_synthetic,synth_user_292,26,other,174,48.3,16.0,rehabilitation,advanced,"Knee_Arthritis,Glaucoma",,7.2,fair,2,1.6,Resistance Bands,vegan,gluten,65,45,False,
293,standard_synthetic,synth_user_293,55,female,170,57.8,20.0,muscle_gain,advanced,Diabetes_T2,,5.3,good,8,1.9,"Barbell,Dumbbells,Pull-Up Bar",low_carb,,194,45,False,
294,standard_synthetic,synth_user_294,54,male,179,63.5,19.8,endurance,beginner,,lower_back,8.5,fair,10,3.8,Bodyweight Only,vegetarian,soy,108,90,False,
295,standard_synthetic,synth_user_295,38,male,189,85.4,23.9,endurance,intermediate,,,8.0,poor,4,2.6,Bodyweight Only,vegan,,63,45,False,
296,standard_synthetic,synth_user_296,48,male,191,93.5,25.6,endurance,advanced,,,5.5,fair,8,2.9,Bodyweight Only,high_protein,,196,90,False,
297,standard_synthetic,synth_user_297,53,male,194,104.9,27.9,endurance,intermediate,,,7.7,poor,2,3.2,Bodyweight Only,omnivore,,119,30,False,
298,standard_synthetic,synth_user_298,40,female,193,75.5,20.3,rehabilitation,beginner,Asthma,ankle,6.8,fair,4,3.2,Dumbbells,vegetarian,soy,58,20,False,
299,standard_synthetic,synth_user_299,57,male,164,99.1,36.8,endurance,intermediate,Hypertension,,5.1,fair,9,2.0,Resistance Bands,low_carb,gluten,153,90,False,
300,standard_synthetic,synth_user_300,27,other,156,63.8,26.2,rehabilitation,intermediate,"Hypertension,Asthma",,5.2,poor,2,2.5,Resistance Bands,omnivore,,57,20,False,
301,standard_synthetic,synth_user_301,59,female,179,57.7,18.0,rehabilitation,beginner,,knee,5.7,excellent,9,3.8,"Barbell,Dumbbells,Pull-Up Bar",vegetarian,"soy,gluten",93,90,False,
302,standard_synthetic,synth_user_302,39,female,186,64.5,18.6,maintenance,beginner,,,9.0,good,1,3.1,Bodyweight Only,vegetarian,,172,45,False,
303,standard_synthetic,synth_user_303,27,male,176,100.4,32.4,rehabilitation,advanced,Diabetes_T2,,7.7,excellent,4,2.9,Bodyweight Only,omnivore,,184,45,False,
304,standard_synthetic,synth_user_304,52,female,163,56.7,21.3,maintenance,advanced,,,7.8,fair,7,4.0,Dumbbells,low_carb,dairy,70,45,False,
305,standard_synthetic,synth_user_305,53,male,189,102.7,28.8,maintenance,intermediate,,,8.8,good,8,3.4,Resistance Bands,vegan,peanuts,78,20,False,
306,standard_synthetic,synth_user_306,29,male,156,94.3,38.7,rehabilitation,beginner,Osteoporosis,,5.9,poor,6,1.7,Bodyweight Only,vegan,,158,90,False,
307,standard_synthetic,synth_user_307,59,female,178,55.7,17.6,muscle_gain,beginner,,,6.6,poor,5,3.9,Dumbbells,vegan,,82,20,False,
308,standard_synthetic,synth_user_308,46,male,194,82.0,21.8,endurance,beginner,,,7.4,excellent,6,2.5,"Barbell,Dumbbells,Pull-Up Bar",low_carb,,57,60,False,
309,standard_synthetic,synth_user_309,20,female,170,69.8,24.2,rehabilitation,advanced,,,8.9,fair,5,2.6,Resistance Bands,omnivore,,148,30,False,
310,standard_synthetic,synth_user_310,36,female,194,86.6,23.0,fat_loss,advanced,Asthma,,7.0,fair,10,3.8,Dumbbells,high_protein,,135,45,False,
311,standard_synthetic,synth_user_311,19,female,166,67.1,24.4,muscle_gain,advanced,Knee_Arthritis,knee,7.9,poor,2,3.3,Resistance Bands,vegetarian,,164,60,False,
312,standard_synthetic,synth_user_312,50,other,194,87.9,23.4,rehabilitation,advanced,,,8.5,fair,3,1.9,"Barbell,Dumbbells,Pull-Up Bar",high_protein,gluten,108,45,False,
313,standard_synthetic,synth_user_313,46,other,173,74.3,24.8,rehabilitation,intermediate,,,5.0,excellent,8,2.9,"Barbell,Dumbbells,Pull-Up Bar",low_carb,,156,30,False,
314,standard_synthetic,synth_user_314,55,male,185,80.4,23.5,rehabilitation,intermediate,,,7.5,fair,1,2.0,"Barbell,Dumbbells,Pull-Up Bar",omnivore,,39,30,False,
315,standard_synthetic,synth_user_315,60,male,191,97.7,26.8,muscle_gain,beginner,,knee,7.7,fair,8,3.4,Resistance Bands,vegetarian,,53,45,False,
316,standard_synthetic,synth_user_316,41,female,179,82.5,25.7,maintenance,intermediate,Diabetes_T2,,7.1,fair,4,3.0,"Barbell,Dumbbells,Pull-Up Bar",low_carb,,191,90,False,
317,standard_synthetic,synth_user_317,48,male,193,102.0,27.4,rehabilitation,advanced,"Osteoporosis,Knee_Arthritis",,9.0,good,3,3.0,Bodyweight Only,low_carb,,191,60,False,
318,standard_synthetic,synth_user_318,29,female,194,57.8,15.4,endurance,advanced,,,8.2,fair,10,4.0,Bodyweight Only,vegetarian,,115,45,False,
319,standard_synthetic,synth_user_319,58,other,168,48.5,17.2,maintenance,advanced,,,7.2,poor,2,3.2,Resistance Bands,high_protein,gluten,175,90,False,
320,standard_synthetic,synth_user_320,29,male,167,74.9,26.9,muscle_gain,intermediate,,,5.6,excellent,9,3.7,Bodyweight Only,high_protein,"peanuts,gluten",44,90,False,
321,standard_synthetic,synth_user_321,54,female,175,71.3,23.3,maintenance,beginner,,,8.9,good,1,2.3,Bodyweight Only,low_carb,,72,90,False,
322,standard_synthetic,synth_user_322,42,other,166,73.0,26.5,fat_loss,intermediate,Osteoporosis,,6.7,excellent,4,2.4,Resistance Bands,vegan,,164,45,False,
323,standard_synthetic,synth_user_323,25,male,178,95.3,30.1,endurance,advanced,Diabetes_T2,,5.6,good,8,3.3,Resistance Bands,omnivore,,66,20,False,
324,standard_synthetic,synth_user_324,61,other,163,56.6,21.3,fat_loss,intermediate,,,8.7,poor,6,2.7,"Barbell,Dumbbells,Pull-Up Bar",vegetarian,peanuts,163,45,False,
325,standard_synthetic,synth_user_325,54,male,174,88.7,29.3,rehabilitation,intermediate,,,8.1,poor,5,1.9,Resistance Bands,vegetarian,,33,90,False,
326,standard_synthetic,synth_user_326,50,other,161,56.7,21.9,maintenance,advanced,,,6.0,poor,5,3.0,Resistance Bands,low_carb,,143,20,False,
327,standard_synthetic,synth_user_327,19,male,185,100.6,29.4,endurance,beginner,,,7.8,excellent,10,2.4,Resistance Bands,vegan,,166,20,False,
328,standard_synthetic,synth_user_328,54,female,163,51.9,19.5,endurance,intermediate,Cardiac_Disease,,5.9,fair,3,3.7,Resistance Bands,omnivore,,130,30,False,
329,standard_synthetic,synth_user_329,60,other,176,81.1,26.2,fat_loss,intermediate,Cardiac_Disease,,6.9,fair,5,3.4,Dumbbells,low_carb,,56,60,False,
330,standard_synthetic,synth_user_330,24,other,175,71.4,23.3,rehabilitation,intermediate,,,6.0,fair,9,1.9,Bodyweight Only,high_protein,,46,45,False,
331,standard_synthetic,synth_user_331,62,male,192,79.4,21.5,fat_loss,advanced,"Pregnancy_T3,Osteoporosis",,8.7,excellent,2,3.0,Bodyweight Only,omnivore,,172,20,False,
332,standard_synthetic,synth_user_332,29,female,174,88.1,29.1,maintenance,intermediate,,,7.6,poor,2,2.0,Dumbbells,low_carb,soy,192,20,False,
333,standard_synthetic,synth_user_333,60,male,164,80.4,29.9,muscle_gain,advanced,,,8.5,good,10,3.5,Resistance Bands,high_protein,,118,20,False,
334,standard_synthetic,synth_user_334,18,other,194,89.4,23.8,maintenance,advanced,,,8.9,poor,9,3.6,Resistance Bands,vegetarian,,102,20,False,
335,standard_synthetic,synth_user_335,45,male,192,77.7,21.1,rehabilitation,beginner,,,7.6,excellent,3,2.0,Bodyweight Only,omnivore,,136,30,False,
336,standard_synthetic,synth_user_336,60,female,163,53.6,20.2,endurance,beginner,,,5.3,excellent,8,3.7,Bodyweight Only,low_carb,soy,76,60,False,
337,standard_synthetic,synth_user_337,45,other,190,82.4,22.8,fat_loss,advanced,,,7.0,fair,9,2.2,Resistance Bands,vegetarian,,39,90,False,
338,standard_synthetic,synth_user_338,41,female,162,72.4,27.6,maintenance,intermediate,"Diabetes_T2,Cardiac_Disease",,7.1,poor,4,2.7,"Barbell,Dumbbells,Pull-Up Bar",low_carb,,178,45,False,
339,standard_synthetic,synth_user_339,21,other,176,70.5,22.8,maintenance,intermediate,,,6.2,poor,10,3.4,Resistance Bands,vegetarian,"gluten,dairy",191,60,False,
340,standard_synthetic,synth_user_340,28,other,191,50.2,13.8,fat_loss,intermediate,"Hypertension,Asthma",,6.0,good,5,3.6,"Barbell,Dumbbells,Pull-Up Bar",vegetarian,,184,30,False,
341,standard_synthetic,synth_user_341,27,other,183,63.5,19.0,rehabilitation,beginner,,shoulder,6.4,poor,3,3.0,Dumbbells,high_protein,,135,60,False,
342,standard_synthetic,synth_user_342,60,male,183,92.7,27.7,maintenance,beginner,,,5.2,excellent,7,2.7,Bodyweight Only,low_carb,peanuts,89,60,False,
343,standard_synthetic,synth_user_343,42,other,185,59.0,17.2,endurance,intermediate,,,7.7,poor,2,3.8,Resistance Bands,high_protein,,186,45,False,
344,standard_synthetic,synth_user_344,35,female,172,81.7,27.6,muscle_gain,advanced,,,7.7,fair,9,2.3,Dumbbells,omnivore,,170,20,False,
345,standard_synthetic,synth_user_345,18,other,159,48.5,19.2,muscle_gain,advanced,,,6.1,fair,1,1.6,"Barbell,Dumbbells,Pull-Up Bar",vegetarian,,182,30,False,
346,standard_synthetic,synth_user_346,58,other,162,77.7,29.6,rehabilitation,beginner,,shoulder,8.6,fair,5,2.2,"Barbell,Dumbbells,Pull-Up Bar",high_protein,,100,60,False,
347,standard_synthetic,synth_user_347,60,other,175,58.8,19.2,fat_loss,intermediate,Osteoporosis,neck,8.8,good,3,2.6,Bodyweight Only,vegan,,186,60,False,
348,standard_synthetic,synth_user_348,59,male,186,64.9,18.8,fat_loss,intermediate,,,7.9,poor,1,1.7,Resistance Bands,high_protein,,34,60,False,
349,standard_synthetic,synth_user_349,59,male,195,60.0,15.8,maintenance,intermediate,,,7.3,excellent,8,2.6,"Barbell,Dumbbells,Pull-Up Bar",low_carb,,87,20,False,
350,standard_synthetic,synth_user_350,62,female,185,53.1,15.5,endurance,beginner,,lower_back,7.5,poor,6,2.8,Resistance Bands,vegetarian,,147,45,False,
351,standard_synthetic,synth_user_351,30,other,166,71.3,25.9,endurance,beginner,"Knee_Arthritis,Asthma",,8.5,excellent,4,1.8,Dumbbells,vegetarian,gluten,181,30,False,
352,standard_synthetic,synth_user_352,42,female,159,81.3,32.2,fat_loss,beginner,Cardiac_Disease,,6.4,good,1,2.5,Dumbbells,low_carb,soy,147,90,False,
353,standard_synthetic,synth_user_353,55,male,169,101.6,35.6,endurance,advanced,,,5.2,fair,1,1.9,"Barbell,Dumbbells,Pull-Up Bar",omnivore,,54,60,False,
354,standard_synthetic,synth_user_354,28,other,192,50.7,13.8,fat_loss,beginner,Diabetes_T2,,6.7,excellent,6,1.8,Dumbbells,omnivore,dairy,84,20,False,
355,standard_synthetic,synth_user_355,29,other,176,50.7,16.4,rehabilitation,beginner,,shoulder,6.8,poor,3,1.7,Bodyweight Only,vegan,,34,60,False,
356,standard_synthetic,synth_user_356,18,male,155,68.1,28.3,endurance,advanced,,,5.5,fair,5,2.8,Bodyweight Only,vegan,soy,74,90,False,
357,standard_synthetic,synth_user_357,20,other,193,55.6,14.9,maintenance,intermediate,,wrist,5.0,fair,4,1.8,"Barbell,Dumbbells,Pull-Up Bar",low_carb,gluten,122,90,False,
358,standard_synthetic,synth_user_358,32,other,184,80.4,23.7,muscle_gain,advanced,Osteoporosis,,8.4,excellent,8,1.9,"Barbell,Dumbbells,Pull-Up Bar",vegetarian,,195,45,False,
359,standard_synthetic,synth_user_359,31,female,182,58.6,17.7,muscle_gain,beginner,Cardiac_Disease,,6.9,poor,2,3.7,Bodyweight Only,low_carb,dairy,178,45,False,
360,standard_synthetic,synth_user_360,30,female,175,57.7,18.8,endurance,beginner,,,6.5,fair,2,2.7,Bodyweight Only,vegetarian,,141,30,False,
361,standard_synthetic,synth_user_361,57,male,184,68.0,20.1,maintenance,intermediate,,,5.8,fair,1,3.2,"Barbell,Dumbbells,Pull-Up Bar",omnivore,,64,20,False,
362,standard_synthetic,synth_user_362,47,female,181,55.2,16.8,rehabilitation,beginner,,ankle,7.3,fair,2,2.5,Bodyweight Only,vegan,,181,60,False,
363,standard_synthetic,synth_user_363,35,female,155,78.7,32.8,muscle_gain,advanced,Knee_Arthritis,,8.8,poor,7,4.0,"Barbell,Dumbbells,Pull-Up Bar",high_protein,,159,20,False,
364,standard_synthetic,synth_user_364,51,female,180,68.1,21.0,rehabilitation,beginner,Diabetes_T2,,7.8,excellent,4,1.8,Resistance Bands,vegan,,195,20,False,
365,standard_synthetic,synth_user_365,48,male,174,67.3,22.2,endurance,intermediate,,,8.1,excellent,3,3.5,Resistance Bands,high_protein,,192,20,False,
366,standard_synthetic,synth_user_366,22,other,179,85.5,26.7,maintenance,advanced,,,8.8,fair,2,3.1,Resistance Bands,vegetarian,,161,45,False,
367,standard_synthetic,synth_user_367,25,male,179,76.5,23.9,fat_loss,advanced,Pregnancy_T3,,7.8,fair,3,4.0,Dumbbells,low_carb,,59,60,False,
368,standard_synthetic,synth_user_368,55,other,168,79.6,28.2,endurance,intermediate,Pregnancy_T3,,5.2,good,6,2.6,"Barbell,Dumbbells,Pull-Up Bar",high_protein,,166,90,False,
369,standard_synthetic,synth_user_369,46,female,194,63.5,16.9,fat_loss,intermediate,Diabetes_T2,,8.6,good,2,1.8,Resistance Bands,vegetarian,peanuts,67,60,False,
370,standard_synthetic,synth_user_370,31,male,188,102.8,29.1,muscle_gain,intermediate,,,6.4,excellent,1,2.2,"Barbell,Dumbbells,Pull-Up Bar",vegetarian,,89,90,False,
371,standard_synthetic,synth_user_371,39,other,181,72.3,22.1,rehabilitation,advanced,Pregnancy_T3,,6.8,good,10,1.8,Resistance Bands,vegan,,96,30,False,
372,standard_synthetic,synth_user_372,41,female,173,80.3,26.8,muscle_gain,advanced,,,8.7,good,3,3.9,Dumbbells,vegan,,90,20,False,
373,standard_synthetic,synth_user_373,38,male,191,65.7,18.0,fat_loss,advanced,,,6.3,good,3,2.4,Dumbbells,low_carb,,107,20,False,
374,standard_synthetic,synth_user_374,43,male,186,94.6,27.3,maintenance,intermediate,"Pregnancy_T3,Diabetes_T2",,8.6,fair,10,3.3,Bodyweight Only,omnivore,gluten,58,60,False,
375,standard_synthetic,synth_user_375,26,male,190,65.3,18.1,maintenance,beginner,,,6.3,fair,10,2.8,Resistance Bands,vegan,,35,20,False,
376,standard_synthetic,synth_user_376,46,other,160,89.0,34.8,rehabilitation,beginner,,,8.6,good,7,1.9,Bodyweight Only,omnivore,,128,45,False,
377,standard_synthetic,synth_user_377,36,male,177,75.8,24.2,endurance,intermediate,"Diabetes_T2,Cardiac_Disease",,6.2,excellent,7,1.8,"Barbell,Dumbbells,Pull-Up Bar",vegan,,83,45,False,
378,standard_synthetic,synth_user_378,51,female,176,50.8,16.4,maintenance,intermediate,"Glaucoma,Hypertension",,5.7,excellent,10,3.4,Dumbbells,vegan,,77,60,False,
379,standard_synthetic,synth_user_379,53,female,186,49.8,14.4,fat_loss,beginner,Osteoporosis,,5.6,good,8,1.8,Resistance Bands,high_protein,dairy,75,60,False,
380,standard_synthetic,synth_user_380,59,other,170,49.2,17.0,maintenance,advanced,Cardiac_Disease,knee,6.9,excellent,5,3.1,Bodyweight Only,vegetarian,,125,90,False,
381,standard_synthetic,synth_user_381,54,other,156,83.5,34.3,muscle_gain,intermediate,,,5.7,good,6,2.5,Resistance Bands,vegetarian,,104,45,False,
382,standard_synthetic,synth_user_382,58,other,159,69.6,27.5,maintenance,advanced,Asthma,ankle,8.2,good,6,1.7,Resistance Bands,vegan,gluten,33,30,False,
383,standard_synthetic,synth_user_383,36,other,178,80.7,25.5,muscle_gain,advanced,,shoulder,5.9,fair,9,3.0,"Barbell,Dumbbells,Pull-Up Bar",high_protein,,147,20,False,
384,standard_synthetic,synth_user_384,26,male,156,81.6,33.5,muscle_gain,advanced,,,6.2,poor,4,1.8,Dumbbells,vegan,gluten,108,30,False,
385,standard_synthetic,synth_user_385,26,male,160,79.1,30.9,fat_loss,beginner,Diabetes_T2,,5.4,poor,8,1.8,Resistance Bands,vegetarian,soy,46,45,False,
386,standard_synthetic,synth_user_386,18,other,161,80.9,31.2,fat_loss,beginner,"Knee_Arthritis,Osteoporosis",shoulder,5.6,good,10,2.4,Dumbbells,low_carb,,186,30,False,
387,standard_synthetic,synth_user_387,54,other,159,52.2,20.6,muscle_gain,intermediate,,,5.7,poor,2,3.8,Bodyweight Only,omnivore,,180,30,False,
388,standard_synthetic,synth_user_388,61,female,161,55.6,21.4,muscle_gain,intermediate,,,5.5,good,2,2.7,Dumbbells,high_protein,,122,45,False,
389,standard_synthetic,synth_user_389,20,other,160,61.8,24.1,maintenance,advanced,,,8.9,excellent,4,2.9,Resistance Bands,high_protein,,78,20,False,
390,standard_synthetic,synth_user_390,61,female,178,55.5,17.5,fat_loss,beginner,"Cardiac_Disease,Pregnancy_T3",,5.6,excellent,10,3.9,Dumbbells,vegetarian,,123,30,False,
391,standard_synthetic,synth_user_391,30,female,193,83.4,22.4,endurance,intermediate,,,8.1,good,7,2.4,Bodyweight Only,high_protein,,160,45,False,
392,standard_synthetic,synth_user_392,47,male,161,65.5,25.3,fat_loss,beginner,,,7.0,poor,3,2.5,Resistance Bands,vegan,"peanuts,soy",107,90,False,
393,standard_synthetic,synth_user_393,24,other,159,75.8,30.0,maintenance,advanced,,,7.0,good,9,2.4,"Barbell,Dumbbells,Pull-Up Bar",vegetarian,,140,20,False,
394,standard_synthetic,synth_user_394,46,female,175,83.8,27.4,maintenance,advanced,,,5.7,excellent,3,2.3,Bodyweight Only,high_protein,,58,90,False,
395,standard_synthetic,synth_user_395,49,other,190,76.8,21.3,endurance,intermediate,,,7.0,excellent,10,3.2,Resistance Bands,omnivore,peanuts,45,20,False,
396,standard_synthetic,synth_user_396,20,other,163,83.2,31.3,maintenance,intermediate,,,5.4,good,6,2.5,"Barbell,Dumbbells,Pull-Up Bar",vegan,,93,30,False,
397,standard_synthetic,synth_user_397,37,other,192,51.6,14.0,rehabilitation,intermediate,Osteoporosis,,5.1,excellent,10,2.8,Bodyweight Only,omnivore,,35,60,False,
398,standard_synthetic,synth_user_398,19,other,175,63.9,20.9,muscle_gain,intermediate,,,7.0,good,3,3.0,Resistance Bands,high_protein,peanuts,81,60,False,
399,standard_synthetic,synth_user_399,22,other,189,57.0,16.0,muscle_gain,advanced,,,8.0,poor,10,1.7,Resistance Bands,omnivore,,47,90,False,
400,standard_synthetic,synth_user_400,48,other,182,56.8,17.1,rehabilitation,intermediate,Osteoporosis,,5.8,excellent,5,3.1,Bodyweight Only,low_carb,,76,20,False,
401,standard_synthetic,synth_user_401,51,other,166,72.2,26.2,rehabilitation,advanced,,wrist,8.4,excellent,10,3.3,"Barbell,Dumbbells,Pull-Up Bar",low_carb,"gluten,soy",81,45,False,
402,standard_synthetic,synth_user_402,27,female,170,54.3,18.8,fat_loss,advanced,Osteoporosis,neck,5.8,excellent,5,3.6,Dumbbells,omnivore,,183,30,False,
403,standard_synthetic,synth_user_403,33,female,162,54.3,20.7,rehabilitation,intermediate,,lower_back,6.7,poor,4,1.9,Dumbbells,vegetarian,,96,45,False,
404,standard_synthetic,synth_user_404,53,other,166,75.1,27.3,fat_loss,intermediate,,,7.4,poor,7,3.7,"Barbell,Dumbbells,Pull-Up Bar",high_protein,peanuts,65,30,False,
405,standard_synthetic,synth_user_405,54,male,187,102.0,29.2,fat_loss,beginner,,ankle,7.4,good,6,3.6,Bodyweight Only,vegan,,138,30,False,
406,standard_synthetic,synth_user_406,24,male,166,69.6,25.3,endurance,advanced,,,6.5,poor,6,2.9,Bodyweight Only,vegan,peanuts,101,30,False,
407,standard_synthetic,synth_user_407,48,female,178,82.5,26.0,fat_loss,advanced,,ankle,8.7,fair,5,2.9,Resistance Bands,omnivore,,61,90,False,
408,standard_synthetic,synth_user_408,46,male,179,60.4,18.9,maintenance,beginner,"Osteoporosis,Asthma",,8.4,fair,8,3.1,Bodyweight Only,vegetarian,dairy,100,20,False,
409,standard_synthetic,synth_user_409,48,female,181,86.9,26.5,maintenance,advanced,,,5.3,excellent,10,3.3,Resistance Bands,high_protein,"peanuts,soy",37,20,False,
410,standard_synthetic,synth_user_410,59,other,166,74.5,27.0,maintenance,intermediate,Asthma,,7.3,poor,3,2.1,Dumbbells,low_carb,,135,45,False,
411,standard_synthetic,synth_user_411,48,female,163,58.9,22.2,maintenance,beginner,Pregnancy_T3,shoulder,6.6,excellent,10,2.1,"Barbell,Dumbbells,Pull-Up Bar",low_carb,,195,90,False,
412,standard_synthetic,synth_user_412,32,other,160,88.9,34.7,endurance,advanced,,,6.7,good,3,1.7,Resistance Bands,vegan,,175,20,False,
413,standard_synthetic,synth_user_413,51,male,182,94.8,28.6,maintenance,intermediate,"Cardiac_Disease,Hypertension",,8.0,excellent,3,2.6,Dumbbells,low_carb,,85,45,False,
414,standard_synthetic,synth_user_414,61,other,167,65.6,23.5,maintenance,beginner,,,7.5,fair,6,3.0,Bodyweight Only,vegetarian,,32,60,False,
415,standard_synthetic,synth_user_415,38,male,180,90.9,28.1,fat_loss,advanced,Glaucoma,,5.2,good,4,2.7,Resistance Bands,low_carb,,183,20,False,
416,standard_synthetic,synth_user_416,34,male,187,87.9,25.1,rehabilitation,beginner,,,7.3,good,3,2.8,Resistance Bands,high_protein,,63,20,False,
417,standard_synthetic,synth_user_417,51,female,182,54.0,16.3,maintenance,advanced,,,6.4,excellent,5,3.8,Resistance Bands,low_carb,,97,90,False,
418,standard_synthetic,synth_user_418,45,female,165,61.3,22.5,endurance,beginner,"Asthma,Osteoporosis",wrist,5.8,poor,4,2.0,Bodyweight Only,omnivore,,71,60,False,
419,standard_synthetic,synth_user_419,25,female,186,49.7,14.4,endurance,beginner,,,8.4,fair,2,2.4,Dumbbells,omnivore,,76,30,False,
420,standard_synthetic,synth_user_420,50,other,172,71.7,24.2,fat_loss,beginner,Knee_Arthritis,,8.1,poor,6,1.6,"Barbell,Dumbbells,Pull-Up Bar",high_protein,"dairy,soy",125,90,False,
421,standard_synthetic,synth_user_421,38,male,164,61.3,22.8,maintenance,advanced,,,7.6,good,1,3.1,Bodyweight Only,omnivore,,175,30,False,
422,standard_synthetic,synth_user_422,21,male,173,74.5,24.9,endurance,intermediate,,,5.7,excellent,2,1.6,Dumbbells,vegan,"soy,peanuts",129,60,False,
423,standard_synthetic,synth_user_423,59,female,164,53.1,19.7,rehabilitation,beginner,,,6.4,poor,6,2.8,Bodyweight Only,high_protein,gluten,129,60,False,
424,standard_synthetic,synth_user_424,54,female,193,65.8,17.7,endurance,beginner,Pregnancy_T3,,5.2,good,8,3.2,Dumbbells,high_protein,,164,90,False,
425,standard_synthetic,synth_user_425,36,male,184,79.7,23.5,maintenance,beginner,"Cardiac_Disease,Asthma",,7.1,good,10,1.6,"Barbell,Dumbbells,Pull-Up Bar",vegetarian,,161,20,False,
426,standard_synthetic,synth_user_426,45,other,181,52.0,15.9,rehabilitation,beginner,Osteoporosis,,5.5,excellent,3,3.5,Bodyweight Only,vegetarian,,51,60,False,
427,standard_synthetic,synth_user_427,37,other,175,72.7,23.7,maintenance,intermediate,,,8.9,fair,4,2.0,Resistance Bands,vegetarian,,141,90,False,
428,standard_synthetic,synth_user_428,18,male,180,65.3,20.2,rehabilitation,advanced,,,6.9,good,7,3.5,"Barbell,Dumbbells,Pull-Up Bar",vegan,,64,20,False,
429,standard_synthetic,synth_user_429,25,male,156,91.3,37.5,muscle_gain,advanced,,,6.0,fair,2,2.3,Bodyweight Only,vegan,,151,60,False,
430,standard_synthetic,synth_user_430,25,male,165,100.6,37.0,endurance,advanced,Cardiac_Disease,neck,6.0,good,10,3.6,Bodyweight Only,vegetarian,,115,20,False,
431,standard_synthetic,synth_user_431,58,male,182,104.1,31.4,rehabilitation,advanced,Osteoporosis,,7.9,excellent,4,3.3,"Barbell,Dumbbells,Pull-Up Bar",high_protein,,177,45,False,
432,standard_synthetic,synth_user_432,22,other,172,85.5,28.9,maintenance,intermediate,,,7.8,poor,3,2.2,Dumbbells,high_protein,,118,60,False,
433,standard_synthetic,synth_user_433,50,male,169,86.4,30.3,endurance,intermediate,Cardiac_Disease,,8.3,good,8,3.5,Dumbbells,low_carb,,83,45,False,
434,standard_synthetic,synth_user_434,23,other,185,53.4,15.6,endurance,intermediate,,,6.2,fair,9,1.6,"Barbell,Dumbbells,Pull-Up Bar",omnivore,,96,45,False,
435,standard_synthetic,synth_user_435,28,other,166,82.8,30.0,rehabilitation,beginner,Hypertension,lower_back,5.5,fair,8,2.1,Resistance Bands,omnivore,,41,90,False,
436,standard_synthetic,synth_user_436,27,female,187,73.4,21.0,fat_loss,advanced,,,7.4,poor,9,1.6,"Barbell,Dumbbells,Pull-Up Bar",vegan,"soy,peanuts",191,20,False,
437,standard_synthetic,synth_user_437,41,male,165,92.8,34.1,maintenance,intermediate,Cardiac_Disease,,8.3,poor,4,2.6,Bodyweight Only,vegetarian,,92,60,False,
438,standard_synthetic,synth_user_438,36,female,187,55.2,15.8,muscle_gain,beginner,,,8.0,excellent,4,1.8,Bodyweight Only,high_protein,,134,60,False,
439,standard_synthetic,synth_user_439,61,other,178,87.6,27.6,fat_loss,intermediate,,wrist,6.3,fair,7,1.7,"Barbell,Dumbbells,Pull-Up Bar",vegan,peanuts,177,20,False,
440,standard_synthetic,synth_user_440,60,other,188,88.9,25.2,maintenance,advanced,,wrist,8.0,good,1,3.6,Dumbbells,high_protein,,144,30,False,
441,standard_synthetic,synth_user_441,57,other,194,75.4,20.0,rehabilitation,intermediate,Glaucoma,lower_back,6.6,fair,9,4.0,Resistance Bands,vegan,,53,90,False,
442,standard_synthetic,synth_user_442,37,other,188,62.3,17.6,muscle_gain,intermediate,Hypertension,,7.9,poor,1,3.6,Resistance Bands,low_carb,gluten,120,20,False,
443,standard_synthetic,synth_user_443,59,male,162,80.2,30.6,muscle_gain,advanced,,,9.0,fair,6,2.2,Dumbbells,high_protein,,163,30,False,
444,standard_synthetic,synth_user_444,38,male,188,86.2,24.4,endurance,intermediate,Pregnancy_T3,,5.3,poor,7,3.7,Bodyweight Only,vegan,,144,20,False,
445,standard_synthetic,synth_user_445,61,female,188,64.9,18.4,endurance,intermediate,,lower_back,7.8,excellent,7,3.6,Dumbbells,low_carb,,62,60,False,
446,standard_synthetic,synth_user_446,47,other,163,88.7,33.4,endurance,intermediate,,,5.1,fair,9,2.4,"Barbell,Dumbbells,Pull-Up Bar",low_carb,,134,20,False,
447,standard_synthetic,synth_user_447,41,male,191,73.0,20.0,maintenance,intermediate,,,6.2,poor,3,1.9,Bodyweight Only,vegetarian,,108,45,False,
448,standard_synthetic,synth_user_448,29,male,186,60.1,17.4,endurance,advanced,,,6.2,excellent,6,3.5,Bodyweight Only,low_carb,,63,30,False,
449,standard_synthetic,synth_user_449,58,other,184,80.0,23.6,rehabilitation,advanced,Asthma,lower_back,7.5,excellent,4,3.8,Resistance Bands,low_carb,,41,60,False,
450,standard_synthetic,synth_user_450,35,other,160,84.4,33.0,rehabilitation,beginner,Osteoporosis,,5.8,poor,10,2.8,Bodyweight Only,low_carb,,34,20,False,
451,standard_synthetic,synth_user_451,52,other,166,88.4,32.1,fat_loss,advanced,,,7.4,excellent,10,1.6,"Barbell,Dumbbells,Pull-Up Bar",omnivore,soy,141,30,False,
452,standard_synthetic,synth_user_452,19,female,188,61.3,17.3,muscle_gain,intermediate,,,5.6,good,2,1.9,Bodyweight Only,vegan,,45,90,False,
453,standard_synthetic,synth_user_453,29,female,156,78.0,32.1,maintenance,intermediate,,,6.5,poor,1,2.0,Dumbbells,high_protein,,160,90,False,
454,standard_synthetic,synth_user_454,25,female,172,50.5,17.1,endurance,advanced,,,5.9,poor,5,2.9,"Barbell,Dumbbells,Pull-Up Bar",vegan,,172,30,False,
455,standard_synthetic,synth_user_455,54,female,181,66.7,20.4,muscle_gain,beginner,Knee_Arthritis,shoulder,7.2,excellent,9,2.6,"Barbell,Dumbbells,Pull-Up Bar",high_protein,,188,45,False,
456,standard_synthetic,synth_user_456,28,other,155,50.5,21.0,maintenance,advanced,"Osteoporosis,Cardiac_Disease",,5.9,good,1,1.9,"Barbell,Dumbbells,Pull-Up Bar",omnivore,,52,60,False,
457,standard_synthetic,synth_user_457,25,other,163,78.5,29.5,maintenance,advanced,"Glaucoma,Diabetes_T2",,6.0,excellent,5,2.1,Resistance Bands,omnivore,"gluten,soy",83,60,False,
458,standard_synthetic,synth_user_458,39,other,156,86.4,35.5,fat_loss,advanced,,ankle,5.7,excellent,7,2.8,"Barbell,Dumbbells,Pull-Up Bar",low_carb,,37,60,False,
459,standard_synthetic,synth_user_459,25,other,177,88.8,28.3,fat_loss,beginner,,,6.9,fair,8,1.5,"Barbell,Dumbbells,Pull-Up Bar",omnivore,,121,30,False,
460,standard_synthetic,synth_user_460,57,male,195,73.6,19.4,endurance,advanced,Knee_Arthritis,lower_back,7.8,fair,1,2.0,Bodyweight Only,vegetarian,,101,90,False,
461,standard_synthetic,synth_user_461,49,other,165,71.2,26.2,fat_loss,beginner,Asthma,,6.0,fair,9,3.3,Resistance Bands,vegan,,35,90,False,
462,standard_synthetic,synth_user_462,34,other,190,85.1,23.6,fat_loss,intermediate,,,6.7,excellent,5,1.8,Bodyweight Only,high_protein,,122,90,False,
463,standard_synthetic,synth_user_463,32,male,158,72.5,29.0,muscle_gain,intermediate,,,5.3,poor,4,3.9,Bodyweight Only,vegetarian,,93,30,False,
464,standard_synthetic,synth_user_464,39,male,174,62.8,20.7,maintenance,beginner,Hypertension,,5.4,fair,6,3.6,Resistance Bands,low_carb,gluten,90,20,False,
465,standard_synthetic,synth_user_465,57,other,183,80.1,23.9,fat_loss,intermediate,Diabetes_T2,,6.3,poor,3,1.7,Bodyweight Only,vegetarian,,107,90,False,
466,standard_synthetic,synth_user_466,45,other,159,52.3,20.7,fat_loss,advanced,,,8.0,fair,10,3.5,"Barbell,Dumbbells,Pull-Up Bar",high_protein,soy,128,60,False,
467,standard_synthetic,synth_user_467,57,female,194,52.3,13.9,muscle_gain,beginner,Hypertension,,5.4,poor,10,3.5,Dumbbells,low_carb,,62,90,False,
468,standard_synthetic,synth_user_468,40,female,181,68.2,20.8,muscle_gain,intermediate,Asthma,,7.3,good,5,3.0,Dumbbells,vegan,peanuts,150,45,False,
469,standard_synthetic,synth_user_469,39,other,173,63.5,21.2,fat_loss,beginner,,,7.0,poor,7,2.4,Dumbbells,vegan,,47,45,False,
470,standard_synthetic,synth_user_470,60,male,185,91.3,26.7,maintenance,beginner,"Pregnancy_T3,Glaucoma",,5.4,poor,8,2.0,"Barbell,Dumbbells,Pull-Up Bar",vegan,"gluten,dairy",88,60,False,
471,standard_synthetic,synth_user_471,31,other,170,68.2,23.6,muscle_gain,beginner,Pregnancy_T3,neck,6.5,poor,6,1.6,"Barbell,Dumbbells,Pull-Up Bar",vegan,,104,60,False,
472,standard_synthetic,synth_user_472,58,male,192,101.1,27.4,muscle_gain,beginner,,shoulder,8.5,fair,6,3.6,Dumbbells,vegan,,80,20,False,
473,standard_synthetic,synth_user_473,34,male,161,60.9,23.5,muscle_gain,intermediate,Glaucoma,,6.8,good,6,3.2,Bodyweight Only,vegetarian,gluten,60,30,False,
474,standard_synthetic,synth_user_474,30,male,167,84.0,30.1,rehabilitation,advanced,Pregnancy_T3,,5.8,good,3,2.3,"Barbell,Dumbbells,Pull-Up Bar",omnivore,"dairy,peanuts",62,90,False,
475,standard_synthetic,synth_user_475,49,other,168,78.5,27.8,rehabilitation,intermediate,Diabetes_T2,,7.0,excellent,3,2.3,Resistance Bands,low_carb,,153,60,False,
476,standard_synthetic,synth_user_476,35,female,192,64.8,17.6,muscle_gain,intermediate,"Hypertension,Diabetes_T2",,5.9,excellent,7,2.9,Resistance Bands,omnivore,,170,20,False,
477,standard_synthetic,synth_user_477,23,male,173,80.0,26.7,rehabilitation,intermediate,,,6.7,excellent,7,2.5,Bodyweight Only,omnivore,,99,60,False,
478,standard_synthetic,synth_user_478,29,male,183,70.5,21.1,maintenance,beginner,Pregnancy_T3,lower_back,5.4,poor,6,1.6,Dumbbells,omnivore,peanuts,80,45,False,
479,standard_synthetic,synth_user_479,37,female,172,56.0,18.9,fat_loss,intermediate,Asthma,wrist,6.1,good,7,3.9,"Barbell,Dumbbells,Pull-Up Bar",high_protein,gluten,197,90,False,
480,standard_synthetic,synth_user_480,43,male,169,70.2,24.6,rehabilitation,intermediate,Cardiac_Disease,,7.9,excellent,6,3.5,Resistance Bands,vegan,,139,60,False,
481,standard_synthetic,synth_user_481,46,male,183,98.4,29.4,fat_loss,intermediate,,,8.2,good,6,2.1,Bodyweight Only,high_protein,gluten,167,45,False,
482,standard_synthetic,synth_user_482,55,female,156,71.8,29.5,rehabilitation,advanced,,,7.3,excellent,7,2.0,Bodyweight Only,vegetarian,"gluten,soy",166,60,False,
483,standard_synthetic,synth_user_483,48,male,161,74.8,28.9,muscle_gain,beginner,"Osteoporosis,Hypertension",,8.3,excellent,1,2.0,"Barbell,Dumbbells,Pull-Up Bar",high_protein,,102,30,False,
484,standard_synthetic,synth_user_484,36,male,188,63.1,17.9,endurance,intermediate,,,5.6,poor,3,2.8,Bodyweight Only,vegetarian,,129,30,False,
485,standard_synthetic,synth_user_485,31,male,174,79.4,26.2,maintenance,advanced,Cardiac_Disease,,5.8,excellent,5,2.0,Dumbbells,high_protein,,46,60,False,
486,standard_synthetic,synth_user_486,33,other,188,61.8,17.5,fat_loss,advanced,,,5.4,excellent,6,3.3,Resistance Bands,high_protein,,186,30,False,
487,standard_synthetic,synth_user_487,33,female,166,85.8,31.1,rehabilitation,beginner,Cardiac_Disease,,6.6,poor,4,3.7,Dumbbells,omnivore,,190,90,False,
488,standard_synthetic,synth_user_488,60,female,159,77.3,30.6,fat_loss,beginner,Knee_Arthritis,neck,7.0,good,7,2.6,Resistance Bands,vegan,"peanuts,dairy",159,20,False,
489,standard_synthetic,synth_user_489,19,female,159,74.8,29.6,endurance,beginner,Cardiac_Disease,,5.0,poor,3,2.3,Bodyweight Only,high_protein,dairy,148,20,False,
490,standard_synthetic,synth_user_490,53,male,170,92.1,31.9,muscle_gain,beginner,,,8.4,poor,3,2.2,Bodyweight Only,vegan,,49,20,False,
491,standard_synthetic,synth_user_491,35,other,164,66.5,24.7,endurance,advanced,,,5.2,poor,7,3.2,Bodyweight Only,vegetarian,dairy,183,20,False,
492,standard_synthetic,synth_user_492,42,male,167,101.8,36.5,endurance,beginner,,,9.0,good,4,3.2,"Barbell,Dumbbells,Pull-Up Bar",vegan,,54,30,False,
493,standard_synthetic,synth_user_493,28,other,157,65.5,26.6,muscle_gain,advanced,,,5.8,excellent,7,1.8,Dumbbells,vegetarian,,121,45,False,
494,standard_synthetic,synth_user_494,18,male,180,89.4,27.6,maintenance,advanced,,,7.5,poor,2,3.7,Bodyweight Only,omnivore,,183,60,False,
495,standard_synthetic,synth_user_495,52,male,191,67.7,18.6,muscle_gain,intermediate,"Pregnancy_T3,Cardiac_Disease",,5.7,good,8,1.7,"Barbell,Dumbbells,Pull-Up Bar",low_carb,,179,60,False,
496,standard_synthetic,synth_user_496,50,female,195,79.2,20.8,fat_loss,advanced,,,8.0,poor,5,2.1,Bodyweight Only,vegan,,188,20,False,
497,standard_synthetic,synth_user_497,26,male,178,82.4,26.0,muscle_gain,advanced,,,7.4,excellent,6,1.8,Resistance Bands,vegetarian,,163,60,False,
498,standard_synthetic,synth_user_498,36,other,156,57.6,23.7,muscle_gain,advanced,Pregnancy_T3,,7.8,fair,10,3.7,Resistance Bands,vegan,,143,20,False,
499,standard_synthetic,synth_user_499,49,male,159,102.9,40.7,muscle_gain,advanced,,shoulder,7.2,fair,4,2.8,Bodyweight Only,high_protein,,109,30,False,
500,standard_synthetic,synth_user_500,30,other,170,65.8,22.8,muscle_gain,intermediate,Osteoporosis,,8.4,excellent,2,3.9,Resistance Bands,high_protein,,126,30,False,
501,standard_synthetic,edge_user_501,68,female,182,69.2,20.9,endurance,intermediate,Hypertension,neck,8.4,good,10,2.8,Dumbbells,omnivore,,127,30,True,Elderly Hypertension
502,standard_synthetic,edge_user_502,31,female,173,63.8,21.3,muscle_gain,beginner,Pregnancy_T3,,5.0,good,8,2.5,Bodyweight Only,high_protein,dairy,125,60,True,Third Trimester Pregnancy
503,standard_synthetic,edge_user_503,42,female,172,135.0,45.6,muscle_gain,intermediate,Knee_Arthritis,,8.8,good,9,3.3,Resistance Bands,vegetarian,,196,60,True,Severe Obesity
504,standard_synthetic,edge_user_504,22,female,168,41.0,14.5,fat_loss,intermediate,"Pregnancy_T3,Cardiac_Disease",,7.4,fair,5,2.1,Dumbbells,vegetarian,,59,20,True,Anorexia Refusal Risk
505,standard_synthetic,edge_user_505,26,other,180,77.7,24.0,endurance,advanced,"Diabetes_T2,Osteoporosis",shoulder,7.8,excellent,10,2.3,"Barbell,Dumbbells",vegetarian,,57,90,True,Athlete Shoulder Injury
506,standard_synthetic,edge_user_506,38,female,172,79.4,26.8,endurance,beginner,Diabetes_T2,,8.1,excellent,9,2.5,Resistance Bands,high_protein,"soy,peanuts",73,90,True,Diabetic Marathon Runner
507,standard_synthetic,edge_user_507,29,female,163,56.3,21.2,muscle_gain,beginner,,neck,5.8,fair,4,2.1,Bodyweight Only,vegetarian,"peanuts,dairy",190,90,True,Vegetarian Peanut Allergy
508,standard_synthetic,edge_user_508,45,male,165,63.6,23.4,fat_loss,advanced,,,4.0,excellent,9,1.5,Resistance Bands,vegetarian,,200,20,True,Sleep Deprived Executive
509,standard_synthetic,edge_user_509,55,male,168,83.5,29.6,rehabilitation,intermediate,,"knee,lower_back",7.4,good,6,3.2,Resistance Bands,omnivore,"gluten,dairy",91,45,True,Surgery Recovery
510,standard_synthetic,edge_user_510,,other,,,23.0,fat_loss,advanced,"Pregnancy_T3,Glaucoma",,8.3,fair,1,3.0,Resistance Bands,vegan,,124,60,True,Missing Data Profile
511,standard_synthetic,edge_user_511,68,other,185,69.6,20.3,maintenance,beginner,Hypertension,lower_back,8.9,good,8,2.1,Bodyweight Only,high_protein,,186,30,True,Elderly Hypertension
512,standard_synthetic,edge_user_512,31,female,185,89.4,26.1,muscle_gain,advanced,Pregnancy_T3,,5.6,poor,3,2.7,"Barbell,Dumbbells,Pull-Up Bar",omnivore,,170,60,True,Third Trimester Pregnancy
513,standard_synthetic,edge_user_513,42,male,172,135.0,45.6,fat_loss,beginner,Knee_Arthritis,,6.7,poor,3,3.8,Resistance Bands,high_protein,,101,30,True,Severe Obesity
514,standard_synthetic,edge_user_514,22,female,168,41.0,14.5,fat_loss,beginner,Asthma,wrist,8.7,poor,6,2.4,Bodyweight Only,low_carb,peanuts,141,30,True,Anorexia Refusal Risk
515,standard_synthetic,edge_user_515,26,male,162,73.1,27.9,muscle_gain,advanced,,shoulder,8.8,good,3,3.6,"Barbell,Dumbbells",low_carb,,30,45,True,Athlete Shoulder Injury
516,standard_synthetic,edge_user_516,38,male,189,68.5,19.2,endurance,advanced,Diabetes_T2,,7.4,fair,2,2.5,Bodyweight Only,omnivore,dairy,67,90,True,Diabetic Marathon Runner
517,standard_synthetic,edge_user_517,29,male,184,66.6,19.7,rehabilitation,intermediate,,,6.2,poor,5,4.0,Bodyweight Only,vegetarian,"peanuts,dairy",156,45,True,Vegetarian Peanut Allergy
518,standard_synthetic,edge_user_518,45,other,158,89.2,35.7,fat_loss,beginner,,shoulder,4.0,excellent,9,4.0,Dumbbells,vegetarian,dairy,170,20,True,Sleep Deprived Executive
519,standard_synthetic,edge_user_519,55,female,185,89.6,26.2,rehabilitation,advanced,Glaucoma,"knee,lower_back",8.4,excellent,2,1.8,"Barbell,Dumbbells,Pull-Up Bar",omnivore,gluten,147,30,True,Surgery Recovery
520,standard_synthetic,edge_user_520,,other,,,23.1,fat_loss,advanced,,,7.6,good,10,1.8,Dumbbells,high_protein,,139,30,True,Missing Data Profile
521,standard_synthetic,edge_user_521,68,male,177,103.8,33.1,endurance,beginner,Hypertension,,7.5,excellent,4,1.6,Dumbbells,high_protein,"gluten,soy",155,30,True,Elderly Hypertension
522,standard_synthetic,edge_user_522,31,female,166,75.4,27.4,endurance,advanced,Pregnancy_T3,,6.5,excellent,6,1.5,"Barbell,Dumbbells,Pull-Up Bar",vegetarian,peanuts,61,60,True,Third Trimester Pregnancy
523,standard_synthetic,edge_user_523,42,other,172,135.0,45.6,fat_loss,advanced,Knee_Arthritis,neck,5.7,excellent,7,2.2,Dumbbells,vegetarian,,113,20,True,Severe Obesity
524,standard_synthetic,edge_user_524,22,female,168,41.0,14.5,fat_loss,intermediate,Glaucoma,,5.3,poor,4,3.9,"Barbell,Dumbbells,Pull-Up Bar",vegan,,183,30,True,Anorexia Refusal Risk
525,standard_synthetic,edge_user_525,26,male,183,96.0,28.7,muscle_gain,advanced,,shoulder,7.2,poor,2,3.9,"Barbell,Dumbbells",omnivore,,169,30,True,Athlete Shoulder Injury
526,standard_synthetic,edge_user_526,38,female,155,58.4,24.3,endurance,beginner,Diabetes_T2,lower_back,7.3,good,9,3.8,Resistance Bands,low_carb,,167,90,True,Diabetic Marathon Runner
527,standard_synthetic,edge_user_527,29,male,161,89.8,34.6,muscle_gain,beginner,,,7.4,fair,10,2.4,Dumbbells,vegetarian,"peanuts,dairy",138,20,True,Vegetarian Peanut Allergy
528,standard_synthetic,edge_user_528,45,other,171,64.0,21.9,endurance,advanced,"Glaucoma,Knee_Arthritis",,4.0,fair,9,3.1,Resistance Bands,vegan,,125,20,True,Sleep Deprived Executive
529,standard_synthetic,edge_user_529,55,other,187,73.4,21.0,rehabilitation,advanced,,"knee,lower_back",6.0,good,2,2.8,Bodyweight Only,vegetarian,"soy,dairy",114,20,True,Surgery Recovery
530,standard_synthetic,edge_user_530,,female,,,18.3,fat_loss,intermediate,Osteoporosis,,8.8,poor,3,2.8,Resistance Bands,low_carb,,155,20,True,Missing Data Profile
531,standard_synthetic,edge_user_531,68,other,191,84.3,23.1,maintenance,intermediate,Hypertension,,5.7,excellent,8,3.0,Resistance Bands,vegetarian,dairy,161,30,True,Elderly Hypertension
532,standard_synthetic,edge_user_532,31,female,164,63.9,23.8,rehabilitation,intermediate,Pregnancy_T3,wrist,7.8,fair,8,4.0,Bodyweight Only,low_carb,"dairy,gluten",103,45,True,Third Trimester Pregnancy
533,standard_synthetic,edge_user_533,42,female,172,135.0,45.6,fat_loss,advanced,Knee_Arthritis,,5.3,fair,2,1.9,"Barbell,Dumbbells,Pull-Up Bar",vegetarian,,103,90,True,Severe Obesity
534,standard_synthetic,edge_user_534,22,female,168,41.0,14.5,fat_loss,advanced,"Asthma,Knee_Arthritis",,5.5,poor,10,2.0,"Barbell,Dumbbells,Pull-Up Bar",high_protein,,166,45,True,Anorexia Refusal Risk
535,standard_synthetic,edge_user_535,26,male,188,90.8,25.7,rehabilitation,advanced,,shoulder,5.7,good,3,2.8,"Barbell,Dumbbells",high_protein,,156,60,True,Athlete Shoulder Injury
536,standard_synthetic,edge_user_536,38,male,162,75.2,28.7,endurance,beginner,Diabetes_T2,,5.0,excellent,4,3.8,"Barbell,Dumbbells,Pull-Up Bar",high_protein,,188,90,True,Diabetic Marathon Runner
537,standard_synthetic,edge_user_537,29,male,155,87.7,36.5,muscle_gain,intermediate,,,6.4,poor,7,2.7,"Barbell,Dumbbells,Pull-Up Bar",vegetarian,"peanuts,dairy",161,30,True,Vegetarian Peanut Allergy
538,standard_synthetic,edge_user_538,45,female,186,48.3,14.0,maintenance,intermediate,Osteoporosis,,4.0,fair,9,3.5,"Barbell,Dumbbells,Pull-Up Bar",high_protein,,198,20,True,Sleep Deprived Executive
539,standard_synthetic,edge_user_539,55,male,177,93.6,29.9,rehabilitation,intermediate,,"knee,lower_back",5.2,excellent,7,3.4,"Barbell,Dumbbells,Pull-Up Bar",vegan,,200,30,True,Surgery Recovery
540,standard_synthetic,edge_user_540,,female,,,17.9,fat_loss,intermediate,,,8.0,excellent,9,3.3,Bodyweight Only,vegan,,58,20,True,Missing Data Profile
541,standard_synthetic,edge_user_541,68,male,164,75.5,28.1,maintenance,intermediate,Hypertension,,8.9,poor,7,2.7,Resistance Bands,high_protein,,51,30,True,Elderly Hypertension
542,standard_synthetic,edge_user_542,31,female,164,92.8,34.5,maintenance,advanced,Pregnancy_T3,,6.0,excellent,4,2.7,"Barbell,Dumbbells,Pull-Up Bar",low_carb,,186,30,True,Third Trimester Pregnancy
543,standard_synthetic,edge_user_543,42,male,172,135.0,45.6,muscle_gain,beginner,Knee_Arthritis,,6.7,fair,2,3.7,Bodyweight Only,high_protein,,164,45,True,Severe Obesity
544,standard_synthetic,edge_user_544,22,female,168,41.0,14.5,fat_loss,intermediate,,,5.4,good,5,3.9,Bodyweight Only,vegan,,111,20,True,Anorexia Refusal Risk
545,standard_synthetic,edge_user_545,26,male,155,62.3,25.9,rehabilitation,advanced,Knee_Arthritis,shoulder,6.7,good,8,2.4,"Barbell,Dumbbells",vegetarian,,54,20,True,Athlete Shoulder Injury
546,standard_synthetic,edge_user_546,38,other,163,61.9,23.3,endurance,intermediate,Diabetes_T2,,6.0,good,4,3.0,"Barbell,Dumbbells,Pull-Up Bar",vegetarian,,63,90,True,Diabetic Marathon Runner
547,standard_synthetic,edge_user_547,29,male,192,103.6,28.1,fat_loss,beginner,Knee_Arthritis,,8.8,good,5,3.3,Dumbbells,vegetarian,"peanuts,dairy",69,20,True,Vegetarian Peanut Allergy
548,standard_synthetic,edge_user_548,45,male,181,84.8,25.9,fat_loss,intermediate,,ankle,4.0,excellent,9,3.8,"Barbell,Dumbbells,Pull-Up Bar",vegan,"gluten,dairy",183,20,True,Sleep Deprived Executive
549,standard_synthetic,edge_user_549,55,other,173,49.9,16.7,rehabilitation,intermediate,,"knee,lower_back",7.7,poor,3,2.6,Bodyweight Only,low_carb,,129,60,True,Surgery Recovery
550,standard_synthetic,edge_user_550,,other,,,19.7,fat_loss,intermediate,,,7.0,good,5,3.6,Resistance Bands,omnivore,,171,20,True,Missing Data Profile
551,standard_synthetic,edge_user_551,68,male,157,84.0,34.1,maintenance,beginner,Hypertension,,7.6,fair,4,2.8,"Barbell,Dumbbells,Pull-Up Bar",omnivore,"gluten,peanuts",191,30,True,Elderly Hypertension
552,standard_synthetic,edge_user_552,31,female,160,87.7,34.3,rehabilitation,intermediate,Pregnancy_T3,,6.3,poor,1,3.6,Dumbbells,omnivore,,75,45,True,Third Trimester Pregnancy
553,standard_synthetic,edge_user_553,42,male,172,135.0,45.6,endurance,beginner,Knee_Arthritis,lower_back,6.3,fair,10,3.1,Bodyweight Only,vegan,dairy,144,30,True,Severe Obesity
554,standard_synthetic,edge_user_554,22,female,168,41.0,14.5,fat_loss,beginner,,,7.3,fair,5,1.6,Dumbbells,vegan,,130,90,True,Anorexia Refusal Risk
555,standard_synthetic,edge_user_555,26,male,164,63.2,23.5,rehabilitation,advanced,,shoulder,7.9,poor,10,1.7,"Barbell,Dumbbells",vegetarian,,58,20,True,Athlete Shoulder Injury
556,standard_synthetic,edge_user_556,38,other,163,58.4,22.0,endurance,beginner,Diabetes_T2,,8.8,poor,9,3.3,Resistance Bands,vegetarian,,81,90,True,Diabetic Marathon Runner
557,standard_synthetic,edge_user_557,29,female,183,82.2,24.5,rehabilitation,advanced,,,6.1,poor,1,3.6,"Barbell,Dumbbells,Pull-Up Bar",vegetarian,"peanuts,dairy",105,20,True,Vegetarian Peanut Allergy
558,standard_synthetic,edge_user_558,45,other,164,48.1,17.9,maintenance,advanced,,,4.0,excellent,9,2.7,"Barbell,Dumbbells,Pull-Up Bar",vegan,,56,20,True,Sleep Deprived Executive
559,standard_synthetic,edge_user_559,55,female,194,62.0,16.5,rehabilitation,intermediate,,"knee,lower_back",7.1,fair,7,1.9,Resistance Bands,low_carb,dairy,103,45,True,Surgery Recovery
560,standard_synthetic,edge_user_560,,male,,,26.0,fat_loss,intermediate,"Diabetes_T2,Glaucoma",,5.6,excellent,8,3.5,"Barbell,Dumbbells,Pull-Up Bar",low_carb,"dairy,gluten",139,45,True,Missing Data Profile
561,standard_synthetic,edge_user_561,68,male,175,104.8,34.2,endurance,intermediate,Hypertension,,7.8,excellent,10,3.5,Resistance Bands,vegan,,197,30,True,Elderly Hypertension
562,standard_synthetic,edge_user_562,31,female,190,68.9,19.1,fat_loss,advanced,Pregnancy_T3,,7.9,fair,2,2.1,"Barbell,Dumbbells,Pull-Up Bar",vegan,soy,34,45,True,Third Trimester Pregnancy
563,standard_synthetic,edge_user_563,42,other,172,135.0,45.6,maintenance,intermediate,Knee_Arthritis,,5.6,excellent,4,2.0,Dumbbells,vegetarian,dairy,65,20,True,Severe Obesity
564,standard_synthetic,edge_user_564,22,female,168,41.0,14.5,fat_loss,advanced,Glaucoma,,8.5,poor,3,2.4,"Barbell,Dumbbells,Pull-Up Bar",vegan,peanuts,49,20,True,Anorexia Refusal Risk
565,standard_synthetic,edge_user_565,26,other,164,80.1,29.8,maintenance,advanced,,shoulder,6.6,good,8,3.5,"Barbell,Dumbbells",omnivore,,58,30,True,Athlete Shoulder Injury
566,standard_synthetic,edge_user_566,38,male,157,87.2,35.4,endurance,advanced,Diabetes_T2,,8.8,excellent,9,3.3,Resistance Bands,low_carb,,158,90,True,Diabetic Marathon Runner
567,standard_synthetic,edge_user_567,29,other,182,87.1,26.3,muscle_gain,advanced,,,5.8,poor,4,2.5,"Barbell,Dumbbells,Pull-Up Bar",vegetarian,"peanuts,dairy",152,45,True,Vegetarian Peanut Allergy
568,standard_synthetic,edge_user_568,45,other,180,82.7,25.5,maintenance,beginner,,wrist,4.0,good,9,3.4,Resistance Bands,vegetarian,,91,20,True,Sleep Deprived Executive
569,standard_synthetic,edge_user_569,55,male,161,62.9,24.3,rehabilitation,advanced,,"knee,lower_back",8.7,fair,5,1.7,"Barbell,Dumbbells,Pull-Up Bar",low_carb,,153,20,True,Surgery Recovery
570,standard_synthetic,edge_user_570,,male,,,40.0,fat_loss,advanced,,,5.8,excellent,6,3.9,"Barbell,Dumbbells,Pull-Up Bar",omnivore,,134,90,True,Missing Data Profile
571,standard_synthetic,edge_user_571,68,male,164,61.1,22.7,muscle_gain,beginner,Hypertension,,7.7,poor,2,3.9,Dumbbells,vegan,gluten,197,30,True,Elderly Hypertension
572,standard_synthetic,edge_user_572,31,female,187,69.7,19.9,maintenance,intermediate,Pregnancy_T3,,7.5,excellent,1,3.7,Bodyweight Only,vegan,,83,90,True,Third Trimester Pregnancy
573,standard_synthetic,edge_user_573,42,other,172,135.0,45.6,rehabilitation,beginner,Knee_Arthritis,,7.0,excellent,6,1.9,Resistance Bands,vegan,gluten,47,45,True,Severe Obesity
574,standard_synthetic,edge_user_574,22,female,168,41.0,14.5,fat_loss,beginner,,lower_back,8.9,excellent,1,2.4,Resistance Bands,high_protein,"gluten,dairy",134,90,True,Anorexia Refusal Risk
575,standard_synthetic,edge_user_575,26,other,183,63.4,18.9,rehabilitation,advanced,Pregnancy_T3,shoulder,6.1,poor,10,3.9,"Barbell,Dumbbells",vegan,,173,20,True,Athlete Shoulder Injury
576,standard_synthetic,edge_user_576,38,male,173,76.9,25.7,endurance,advanced,Diabetes_T2,shoulder,5.4,excellent,8,3.1,Bodyweight Only,vegetarian,,51,90,True,Diabetic Marathon Runner
577,standard_synthetic,edge_user_577,29,other,180,80.3,24.8,rehabilitation,intermediate,,,5.9,excellent,2,2.2,"Barbell,Dumbbells,Pull-Up Bar",vegetarian,"peanuts,dairy",69,60,True,Vegetarian Peanut Allergy
578,standard_synthetic,edge_user_578,45,male,168,74.4,26.4,maintenance,intermediate,,,4.0,fair,9,2.0,"Barbell,Dumbbells,Pull-Up Bar",high_protein,,99,20,True,Sleep Deprived Executive
579,standard_synthetic,edge_user_579,55,other,160,54.0,21.1,rehabilitation,advanced,,"knee,lower_back",5.9,good,3,3.6,"Barbell,Dumbbells,Pull-Up Bar",high_protein,soy,117,45,True,Surgery Recovery
580,standard_synthetic,edge_user_580,,male,,,32.7,fat_loss,advanced,,,7.3,poor,9,3.5,Dumbbells,vegetarian,soy,200,90,True,Missing Data Profile
581,standard_synthetic,edge_user_581,68,other,175,75.9,24.8,endurance,intermediate,Hypertension,,5.5,excellent,5,2.8,"Barbell,Dumbbells,Pull-Up Bar",high_protein,dairy,62,30,True,Elderly Hypertension
582,standard_synthetic,edge_user_582,31,female,161,49.5,19.1,muscle_gain,advanced,Pregnancy_T3,,6.5,good,4,3.9,"Barbell,Dumbbells,Pull-Up Bar",omnivore,,123,20,True,Third Trimester Pregnancy
583,standard_synthetic,edge_user_583,42,female,172,135.0,45.6,maintenance,intermediate,Knee_Arthritis,,8.3,excellent,9,3.9,Resistance Bands,vegetarian,"soy,dairy",75,60,True,Severe Obesity
584,standard_synthetic,edge_user_584,22,female,168,41.0,14.5,fat_loss,advanced,,,6.1,poor,2,3.5,"Barbell,Dumbbells,Pull-Up Bar",vegetarian,,196,20,True,Anorexia Refusal Risk
585,standard_synthetic,edge_user_585,26,other,161,68.8,26.5,fat_loss,advanced,Diabetes_T2,shoulder,6.2,excellent,4,2.1,"Barbell,Dumbbells",low_carb,,127,20,True,Athlete Shoulder Injury
586,standard_synthetic,edge_user_586,38,male,162,75.8,28.9,endurance,intermediate,Diabetes_T2,,8.1,good,5,3.7,Resistance Bands,omnivore,soy,136,90,True,Diabetic Marathon Runner
587,standard_synthetic,edge_user_587,29,male,157,60.7,24.6,maintenance,beginner,,,8.8,excellent,4,2.9,Bodyweight Only,vegetarian,"peanuts,dairy",187,60,True,Vegetarian Peanut Allergy
588,standard_synthetic,edge_user_588,45,male,182,65.8,19.9,muscle_gain,intermediate,Asthma,,4.0,fair,9,1.8,Bodyweight Only,omnivore,,171,20,True,Sleep Deprived Executive
589,standard_synthetic,edge_user_589,55,female,160,51.9,20.3,rehabilitation,advanced,,"knee,lower_back",7.8,poor,10,2.5,Dumbbells,high_protein,,192,45,True,Surgery Recovery
590,standard_synthetic,edge_user_590,,male,,,25.7,fat_loss,advanced,,,5.2,poor,3,3.1,"Barbell,Dumbbells,Pull-Up Bar",vegetarian,soy,147,90,True,Missing Data Profile
591,standard_synthetic,edge_user_591,68,male,164,72.7,27.0,endurance,beginner,Hypertension,,7.0,poor,7,1.7,"Barbell,Dumbbells,Pull-Up Bar",vegan,dairy,137,30,True,Elderly Hypertension
592,standard_synthetic,edge_user_592,31,female,183,82.0,24.5,rehabilitation,advanced,Pregnancy_T3,,7.4,poor,2,3.9,Resistance Bands,high_protein,,187,90,True,Third Trimester Pregnancy
593,standard_synthetic,edge_user_593,42,other,172,135.0,45.6,rehabilitation,beginner,Knee_Arthritis,,7.1,fair,4,3.7,"Barbell,Dumbbells,Pull-Up Bar",vegan,,37,45,True,Severe Obesity
594,standard_synthetic,edge_user_594,22,female,168,41.0,14.5,fat_loss,advanced,"Osteoporosis,Asthma",,6.2,excellent,7,2.8,Bodyweight Only,vegan,"gluten,soy",94,30,True,Anorexia Refusal Risk
595,standard_synthetic,edge_user_595,26,male,172,103.3,34.9,muscle_gain,advanced,,shoulder,7.0,excellent,7,3.0,"Barbell,Dumbbells",omnivore,,189,20,True,Athlete Shoulder Injury
596,standard_synthetic,edge_user_596,38,other,182,56.4,17.0,endurance,advanced,Diabetes_T2,knee,6.0,excellent,5,3.0,Resistance Bands,high_protein,,37,90,True,Diabetic Marathon Runner
597,standard_synthetic,edge_user_597,29,male,182,95.6,28.9,maintenance,beginner,,,8.1,poor,1,2.3,"Barbell,Dumbbells,Pull-Up Bar",vegetarian,"peanuts,dairy",84,60,True,Vegetarian Peanut Allergy
598,standard_synthetic,edge_user_598,45,other,169,71.6,25.1,fat_loss,advanced,,,4.0,poor,9,3.7,Bodyweight Only,high_protein,,111,20,True,Sleep Deprived Executive
599,standard_synthetic,edge_user_599,55,male,158,96.1,38.5,rehabilitation,beginner,,"knee,lower_back",7.4,excellent,4,2.9,Resistance Bands,vegetarian,,194,90,True,Surgery Recovery
600,standard_synthetic,edge_user_600,,male,,,22.0,fat_loss,beginner,"Hypertension,Osteoporosis",knee,6.9,excellent,5,2.2,Resistance Bands,high_protein,,50,90,True,Missing Data Profile
